month;food;alcohol;clothes;living;housekeeping;healthcare;transport;comunications;recreations;restaurants;other
1980M01;95.13;94.83;94.58;95.36;95.00;96.15;94.60;92.77;97.25;95.17;97.25
1980M02;96.07;94.97;95.36;97.78;96.75;96.18;96.68;95.29;97.44;96.30;99.87
1980M03;96.71;95.43;97.27;97.99;97.57;96.26;97.09;95.29;97.97;96.65;98.83
1980M04;97.35;95.64;98.51;98.61;98.06;96.36;97.40;101.17;98.77;97.43;97.89
1980M05;97.79;95.57;98.79;99.12;98.22;96.36;98.05;101.35;98.36;97.69;98.33
1980M06;97.92;95.92;98.53;99.75;98.35;96.62;98.78;100.86;98.06;98.28;97.78
1980M07;99.98;96.22;96.87;100.14;99.41;100.34;99.16;102.21;99.69;99.71;97.93
1980M08;100.93;96.41;97.99;100.52;100.27;100.51;99.68;102.21;99.73;100.54;98.35
1980M09;103.50;108.65;103.09;100.64;103.56;104.62;101.85;102.21;101.90;103.70;101.68
1980M10;104.46;108.76;106.15;102.61;103.79;105.49;104.68;102.21;102.43;104.26;103.85
1980M11;104.89;108.78;106.39;103.47;104.26;105.54;105.53;102.21;103.88;104.94;104.14
1980M12;105.28;108.80;106.47;103.99;104.76;105.54;106.48;102.21;104.55;105.29;104.14
1981M01;109.88;108.79;103.14;107.83;105.10;115.62;107.48;107.04;105.77;107.22;101.09
1981M02;111.38;109.98;103.46;111.80;106.22;118.65;109.39;113.59;106.08;108.58;102.43
1981M03;111.77;110.03;104.71;112.13;107.16;119.54;109.92;113.59;107.18;109.16;103.78
1981M04;112.76;111.84;105.91;112.77;107.70;120.52;108.99;113.59;108.22;109.71;104.00
1981M05;113.42;111.98;106.15;113.00;108.35;121.53;111.68;113.59;108.59;110.83;103.86
1981M06;113.71;112.05;105.06;114.13;108.65;122.57;111.80;114.70;108.61;112.04;104.61
1981M07;116.07;112.06;103.83;115.26;109.13;121.44;114.14;114.55;108.92;113.39;104.52
1981M08;117.18;112.00;104.16;116.46;110.48;121.90;115.20;114.55;108.80;114.52;105.55
1981M09;117.64;112.70;107.36;116.77;110.57;127.71;115.89;114.55;109.62;116.60;105.86
1981M10;119.17;112.84;110.61;116.36;110.52;127.76;117.59;114.55;109.97;117.02;107.38
1981M11;119.54;113.19;110.80;116.92;110.81;127.76;118.02;114.55;110.98;117.18;107.00
1981M12;117.76;112.95;109.24;117.13;109.39;127.33;118.30;114.55;110.46;117.10;106.17
1982M01;122.21;113.10;106.13;122.08;110.79;134.19;118.72;114.55;112.24;119.66;106.88
1982M02;125.76;114.42;107.71;122.38;113.70;135.31;120.42;114.55;113.08;122.66;109.66
1982M03;127.13;114.44;109.31;120.85;114.04;135.33;121.49;114.55;114.28;123.30;110.36
1982M04;127.44;116.41;111.17;121.72;114.54;135.61;122.39;114.55;114.72;124.17;110.53
1982M05;128.04;119.60;111.42;122.18;114.65;134.57;122.36;114.55;114.97;125.20;110.59
1982M06;128.86;120.05;110.84;122.49;114.94;133.55;123.21;114.55;115.59;125.79;110.33
1982M07;130.60;120.11;109.33;123.78;115.47;143.60;124.27;114.55;115.35;125.54;110.59
1982M08;131.13;120.11;109.29;123.90;116.28;142.62;124.64;114.55;115.55;126.96;111.69
1982M09;131.69;120.13;112.74;123.98;117.03;143.68;125.58;114.55;115.65;128.26;112.41
1982M10;132.10;121.01;115.36;126.13;117.57;143.70;130.03;114.55;116.68;129.04;114.77
1982M11;133.37;121.17;115.74;126.77;118.71;144.91;131.24;114.55;118.88;130.18;115.58
1982M12;133.40;121.28;116.15;126.86;119.40;145.17;131.97;114.55;119.62;131.99;115.96
1983M01;137.73;129.09;113.49;130.26;121.52;148.39;133.94;111.88;122.14;134.91;117.95
1983M02;138.44;132.75;114.43;127.98;122.60;148.74;134.52;111.88;122.85;136.10;118.27
1983M03;140.33;132.98;116.24;127.39;123.28;149.13;133.15;111.88;124.48;136.80;120.05
1983M04;141.17;134.00;118.48;127.39;124.29;149.22;135.62;116.99;125.03;138.49;122.19
1983M05;142.36;134.06;118.85;128.32;125.50;150.73;136.16;116.99;125.66;139.69;122.82
1983M06;143.63;134.49;118.46;128.75;126.73;151.70;136.61;119.03;126.51;141.00;124.90
1983M07;145.79;134.61;117.19;129.82;126.94;154.48;137.84;126.84;127.16;141.83;125.72
1983M08;146.63;134.73;118.20;129.75;128.70;154.54;139.53;126.84;127.61;143.39;126.78
1983M09;147.01;134.76;121.54;130.45;129.34;155.25;140.62;126.84;129.20;144.61;127.59
1983M10;148.73;135.33;125.54;131.26;129.50;155.68;141.28;126.84;129.69;145.35;128.46
1983M11;149.50;135.95;125.92;132.19;129.93;155.47;142.49;126.84;130.40;147.26;129.46
1983M12;151.38;145.15;126.19;132.05;130.39;156.08;142.71;126.84;130.98;149.51;129.91
1984M01;154.49;145.39;120.08;135.24;131.21;164.47;146.02;126.97;132.49;152.88;131.05
1984M02;158.08;146.23;120.27;135.62;133.05;164.68;133.36;126.97;133.33;153.95;132.39
1984M03;158.28;146.22;121.91;135.87;132.88;164.69;144.82;126.97;134.57;156.13;134.08
1984M04;159.28;146.76;124.55;136.51;134.10;165.37;144.58;127.93;135.50;158.00;136.66
1984M05;161.86;146.80;125.05;136.73;134.78;165.58;146.67;127.74;136.27;158.81;137.18
1984M06;162.60;146.80;124.57;136.86;135.07;165.46;142.94;127.74;136.39;158.64;136.95
1984M07;162.42;146.96;122.24;139.24;135.45;165.43;141.56;127.74;136.89;158.61;137.48
1984M08;162.80;147.10;123.45;138.58;137.83;168.03;147.26;127.74;137.14;161.39;138.35
1984M09;163.39;147.13;128.09;139.12;137.79;169.11;148.02;127.74;138.12;163.34;138.96
1984M10;164.05;149.23;132.59;140.03;138.60;171.18;145.62;127.74;138.06;164.07;140.05
1984M11;163.17;149.04;133.29;141.36;139.02;171.24;149.22;127.74;138.76;165.19;141.20
1984M12;164.16;157.00;133.22;143.97;139.59;174.01;155.13;127.81;138.95;166.88;142.11
1985M01;166.59;157.23;127.97;146.25;140.21;178.75;154.69;127.90;139.32;171.64;142.89
1985M02;170.17;157.53;127.59;147.02;141.86;180.45;156.69;127.90;140.00;172.71;143.09
1985M03;171.68;157.42;129.93;147.67;143.03;182.01;158.62;127.90;140.51;175.16;143.83
1985M04;172.27;158.07;132.61;148.17;143.65;181.85;158.62;127.90;140.46;176.21;144.85
1985M05;174.77;158.16;132.83;152.38;144.02;182.01;158.41;129.25;140.65;176.56;145.01
1985M06;173.78;158.21;132.20;150.89;143.99;182.01;159.14;129.32;141.03;176.76;145.25
1985M07;174.13;158.19;129.58;149.77;144.43;184.61;161.47;129.32;141.66;174.99;145.22
1985M08;173.91;158.21;129.82;149.55;145.32;184.97;160.35;129.32;141.68;178.26;145.10
1985M09;175.52;158.21;134.04;149.62;145.59;184.97;159.52;129.32;142.33;179.72;145.19
1985M10;175.08;158.90;139.03;151.86;145.56;184.97;158.29;129.32;143.07;180.71;145.62
1985M11;174.62;160.82;139.40;152.66;145.78;185.07;162.80;129.32;143.21;182.82;146.98
1985M12;175.78;160.89;139.92;153.07;146.51;186.08;162.96;129.32;144.36;184.10;148.52
1986M01;180.84;160.96;132.28;156.86;147.68;191.35;162.75;136.71;144.82;188.49;148.86
1986M02;183.94;160.96;131.44;155.45;148.74;191.77;161.90;138.42;144.65;189.80;149.55
1986M03;184.10;161.42;135.40;153.22;150.38;192.13;160.34;136.41;145.06;191.62;148.91
1986M04;185.80;162.59;136.93;153.94;151.19;192.48;160.58;136.67;145.80;192.50;151.27
1986M05;186.20;162.62;137.28;152.87;151.88;192.57;161.04;137.48;145.96;193.29;152.54
1986M06;187.06;162.52;136.39;152.22;152.29;192.74;160.81;137.74;146.97;193.52;152.85
1986M07;186.31;162.67;133.34;153.68;152.65;198.08;161.38;138.00;147.96;194.95;153.22
1986M08;185.52;162.56;132.74;153.45;153.57;198.27;160.40;138.26;148.32;196.63;153.98
1986M09;187.29;162.59;137.95;153.82;154.25;199.01;162.95;138.51;149.46;198.21;154.91
1986M10;187.42;163.76;143.50;152.84;154.33;199.20;164.54;138.76;149.53;199.09;155.65
1986M11;186.38;163.78;143.04;152.82;154.70;199.22;164.53;139.02;151.31;199.92;156.26
1986M12;186.61;163.71;142.96;153.61;154.98;199.55;164.90;139.15;151.31;201.85;156.56
1987M01;186.51;171.85;138.62;156.58;156.49;199.92;167.70;143.34;151.18;204.93;157.02
1987M02;187.24;176.11;136.14;157.00;157.12;203.14;168.28;144.91;151.35;205.94;158.47
1987M03;187.54;176.13;138.33;157.14;157.25;203.92;168.15;144.91;151.50;205.96;158.68
1987M04;187.52;175.37;140.68;157.86;157.48;203.94;168.18;144.91;151.42;207.19;159.07
1987M05;187.03;175.36;141.07;158.20;157.63;204.20;167.93;144.91;152.04;207.29;159.66
1987M06;186.40;175.95;139.47;158.31;158.16;204.32;166.98;144.91;151.90;206.99;159.88
1987M07;193.44;175.96;137.55;159.42;159.08;205.50;170.74;145.23;152.04;208.93;160.43
1987M08;195.14;175.95;137.26;160.01;160.00;205.32;173.36;145.23;151.77;211.11;160.53
1987M09;196.18;176.68;141.89;160.39;161.64;206.58;176.46;145.23;153.45;212.95;161.30
1987M10;196.15;177.37;146.24;161.10;162.57;206.82;175.81;145.23;154.26;214.08;162.38
1987M11;196.50;177.40;146.78;162.00;162.85;206.96;175.89;145.23;154.94;214.94;163.02
1987M12;196.54;177.54;146.00;161.95;163.44;207.38;175.61;145.23;155.57;215.11;163.54
1988M01;197.31;177.58;139.07;166.03;163.62;211.25;176.21;148.14;155.61;218.02;164.23
1988M02;198.91;179.25;138.53;166.62;164.89;211.98;179.41;152.76;156.11;218.97;167.42
1988M03;199.86;179.27;140.03;166.75;166.24;212.31;181.16;152.76;156.50;220.73;168.22
1988M04;200.74;183.86;143.21;167.97;167.46;212.42;182.77;156.21;157.34;220.90;169.49
1988M05;199.73;184.20;142.86;169.49;167.69;212.56;184.37;156.21;158.08;222.26;169.94
1988M06;199.79;190.98;141.24;170.10;168.15;213.06;183.40;156.54;158.58;224.04;170.60
1988M07;202.46;191.30;138.12;170.94;169.42;214.82;185.29;156.54;158.91;225.46;171.06
1988M08;203.26;191.19;138.23;171.35;170.52;215.09;185.14;156.54;158.88;227.24;171.03
1988M09;203.75;192.31;143.66;171.67;171.58;214.95;188.43;156.54;158.64;230.51;171.63
1988M10;205.05;192.26;148.93;172.95;171.84;215.32;189.02;156.54;160.01;231.63;172.40
1988M11;205.42;192.24;148.95;172.93;172.07;215.82;188.94;156.54;161.39;232.64;173.57
1988M12;205.75;192.17;148.13;173.43;171.97;216.82;190.16;156.54;161.60;234.60;174.01
1989M01;208.81;191.82;140.64;178.58;173.54;228.44;192.61;162.40;162.35;236.48;175.06
1989M02;209.98;192.99;140.25;178.91;174.57;228.89;195.73;162.78;162.86;238.17;177.51
1989M03;211.39;193.42;141.63;179.26;175.31;229.35;196.21;162.78;163.51;240.13;178.43
1989M04;211.52;196.68;144.00;181.15;175.83;229.37;200.60;162.78;163.94;240.39;179.29
1989M05;212.31;196.60;144.01;182.23;176.62;229.46;201.53;162.78;164.90;242.92;179.22
1989M06;212.50;208.88;142.80;182.45;177.31;229.63;200.39;163.21;165.48;244.75;179.74
1989M07;213.52;209.72;138.83;183.93;177.59;236.79;198.77;165.28;165.16;243.06;180.05
1989M08;214.83;209.71;140.84;184.24;178.67;237.27;198.74;165.28;165.24;248.29;181.15
1989M09;215.53;210.19;145.46;184.78;179.88;237.77;201.85;165.79;166.92;248.45;182.09
1989M10;216.63;211.26;151.83;185.78;180.36;240.48;203.30;165.79;168.29;251.17;182.78
1989M11;216.78;211.32;150.60;186.63;180.72;240.72;202.48;165.79;170.07;252.36;182.71
1989M12;217.33;211.14;150.68;187.88;182.01;241.80;202.56;165.79;170.50;254.29;184.32
1990M01;223.07;214.72;138.13;198.83;182.46;243.11;212.37;176.36;171.11;281.42;187.23
1990M02;223.37;215.25;138.58;199.17;182.68;243.76;213.84;176.91;171.88;283.55;188.78
1990M03;224.48;215.27;142.93;209.66;184.47;243.01;227.02;176.91;172.27;283.25;189.02
1990M04;224.39;215.46;144.88;211.47;184.14;242.53;227.08;176.91;172.74;283.25;189.87
1990M05;226.72;229.02;144.57;211.70;185.05;244.05;226.56;177.82;172.95;284.74;190.00
1990M06;226.48;229.00;141.87;210.85;186.18;244.15;227.97;177.82;173.42;285.68;191.03
1990M07;231.59;234.72;138.45;212.03;187.69;253.32;230.50;177.82;175.02;288.28;191.40
1990M08;231.50;234.55;140.63;212.62;189.96;254.12;235.23;177.82;174.63;294.73;193.63
1990M09;231.65;234.70;147.15;213.48;191.03;253.90;242.33;177.82;177.30;295.37;195.52
1990M10;233.28;235.20;153.81;213.93;191.24;254.02;243.19;177.82;178.40;296.48;195.96
1990M11;234.63;235.37;152.04;216.34;191.56;254.12;241.96;177.82;179.61;297.12;195.85
1990M12;234.39;235.40;149.39;217.45;193.04;255.72;239.29;177.82;179.49;297.09;196.09
1991M01;237.87;237.85;137.55;228.40;193.69;284.70;248.76;215.16;180.80;305.37;209.66
1991M02;237.59;238.02;138.11;249.62;195.64;286.54;249.79;215.16;181.09;306.12;210.01
1991M03;238.47;237.99;144.69;249.03;195.78;286.36;250.08;215.16;181.59;306.89;209.46
1991M04;238.50;238.46;148.78;250.89;197.67;286.18;249.84;215.16;182.38;306.56;212.41
1991M05;238.82;238.51;147.66;251.76;198.69;286.13;250.49;216.65;181.61;306.53;212.18
1991M06;240.19;238.46;144.28;250.58;199.25;285.88;251.33;216.65;181.93;307.54;210.43
1991M07;242.84;238.35;138.82;251.76;197.63;297.40;248.35;216.65;183.02;309.32;211.15
1991M08;240.50;238.32;137.18;251.63;199.65;297.96;249.26;216.65;182.00;312.47;212.14
1991M09;238.31;238.23;156.60;252.26;200.27;297.70;252.29;216.65;182.75;312.15;213.87
1991M10;238.01;240.35;157.88;254.03;200.85;298.21;252.05;216.38;184.15;311.19;214.46
1991M11;241.10;240.51;158.06;254.40;200.94;298.27;252.89;218.49;186.08;310.84;215.44
1991M12;237.96;240.35;154.66;257.18;200.63;299.59;251.04;218.49;186.73;310.51;215.18
1992M01;228.69;239.74;142.20;265.47;199.87;308.39;252.76;218.44;186.91;305.16;214.68
1992M02;228.53;239.79;143.59;265.42;200.19;308.48;253.01;218.44;186.48;304.33;214.66
1992M03;228.86;239.74;149.82;265.55;200.87;308.78;253.86;218.44;187.47;305.19;215.34
1992M04;227.96;239.76;153.13;265.86;200.83;308.96;255.22;218.44;187.58;304.23;217.35
1992M05;229.17;240.13;151.71;266.56;200.99;309.29;254.81;218.44;187.58;303.00;217.61
1992M06;229.78;240.90;143.08;267.48;200.75;309.41;255.24;219.20;187.19;302.32;216.31
1992M07;227.20;240.92;140.02;267.69;200.21;342.63;252.99;229.79;187.58;300.92;217.01
1992M08;226.51;240.66;139.57;268.90;201.15;342.75;252.28;229.79;187.14;302.53;217.99
1992M09;224.89;240.94;157.88;274.09;201.71;342.81;253.44;231.13;186.89;303.43;216.76
1992M10;224.99;240.13;159.19;274.94;200.95;343.29;254.56;231.11;187.27;300.89;217.74
1992M11;222.47;239.76;155.60;273.06;200.31;343.14;255.19;232.74;188.01;301.67;217.78
1992M12;223.47;263.19;150.98;271.87;199.93;344.38;258.22;233.04;188.62;302.75;217.31
1993M01;229.53;264.39;138.94;284.83;200.07;365.90;280.32;233.70;189.87;302.65;216.76
1993M02;229.97;265.79;139.86;284.39;201.77;366.59;282.08;234.12;191.07;302.59;218.79
1993M03;230.62;265.66;145.72;284.31;203.51;370.90;283.42;234.49;191.25;301.32;219.55
1993M04;229.73;264.12;147.04;286.38;203.43;371.00;286.91;235.63;191.99;300.57;220.01
1993M05;229.57;265.66;146.72;284.34;203.33;370.79;286.78;235.98;191.86;301.38;219.70
1993M06;228.57;266.74;142.12;283.85;204.41;372.24;284.84;236.47;192.04;302.29;220.12
1993M07;229.06;266.92;136.56;283.60;204.39;376.48;285.33;236.47;191.89;300.81;221.03
1993M08;228.61;268.64;139.36;283.60;204.19;375.17;283.91;236.47;192.64;300.87;222.05
1993M09;227.41;268.64;159.27;283.65;204.57;375.66;285.28;236.47;192.55;302.11;223.03
1993M10;226.90;269.06;161.67;284.75;205.17;375.83;283.81;236.47;195.23;302.26;223.55
1993M11;225.68;268.90;160.36;284.56;206.45;378.04;286.80;233.47;196.04;302.32;222.90
1993M12;226.06;268.93;158.29;283.38;205.53;378.73;284.53;233.15;195.03;302.68;222.66
1994M01;226.35;277.08;145.83;287.71;205.61;390.10;285.23;236.83;196.34;303.56;222.40
1994M02;229.65;277.46;145.70;287.43;206.08;390.83;286.80;236.83;197.38;303.53;222.44
1994M03;229.40;277.65;153.92;287.46;206.00;391.02;286.75;239.19;197.32;302.77;224.85
1994M04;230.59;277.89;156.77;288.25;206.47;391.29;288.94;239.19;197.13;304.74;224.45
1994M05;231.78;278.64;157.55;288.96;206.14;391.44;290.02;239.19;197.09;303.29;224.50
1994M06;232.50;278.96;154.11;289.13;206.06;391.82;292.39;239.91;196.81;303.02;224.36
1994M07;235.65;279.02;146.60;289.87;205.69;391.98;292.44;239.91;197.28;302.86;225.34
1994M08;236.30;278.91;146.10;290.21;206.47;392.36;292.59;239.98;195.91;305.16;223.88
1994M09;236.59;279.18;162.20;290.86;207.33;412.24;291.65;239.98;196.60;306.10;225.01
1994M10;234.39;279.55;166.07;291.48;207.71;413.08;291.10;239.98;197.32;304.13;225.45
1994M11;233.49;279.58;163.98;291.54;208.16;413.54;291.53;240.45;197.98;305.07;224.61
1994M12;232.44;279.53;161.95;291.11;208.28;413.50;290.48;237.91;198.61;308.06;225.03
1995M01;231.94;286.75;147.74;294.97;207.04;429.07;294.46;236.54;199.07;313.91;225.50
1995M02;233.90;288.09;149.74;294.68;208.72;428.66;295.33;241.17;200.18;313.94;225.39
1995M03;235.76;288.17;154.17;294.94;210.40;429.07;295.79;240.54;200.40;315.02;225.64
1995M04;237.03;287.89;157.27;297.29;211.10;428.41;299.37;240.07;200.60;316.87;226.04
1995M05;239.97;288.42;156.49;297.35;211.27;434.08;297.30;238.09;200.36;316.78;226.58
1995M06;239.05;289.01;154.30;297.37;211.64;434.62;298.50;237.81;199.93;316.29;226.02
1995M07;237.99;289.26;146.72;297.43;212.76;460.29;299.19;244.02;198.97;315.48;226.81
1995M08;236.82;289.12;145.76;296.33;216.10;460.66;298.21;242.73;199.31;319.15;228.22
1995M09;236.73;289.04;163.22;295.87;216.76;461.33;299.69;242.84;199.99;319.80;228.40
1995M10;234.79;292.27;166.08;297.03;217.07;461.49;299.16;243.13;201.04;320.01;228.60
1995M11;232.79;292.36;164.18;296.77;217.99;461.53;300.82;244.21;202.25;320.97;229.55
1995M12;232.24;292.33;162.54;296.19;218.09;461.74;299.02;239.83;201.39;320.97;229.48
1996M01;217.68;295.07;145.36;305.56;217.84;464.56;300.48;255.71;202.47;324.28;228.73
1996M02;217.88;295.27;145.70;305.38;218.56;465.66;301.77;257.47;202.79;324.00;229.26
1996M03;220.92;295.15;153.63;304.91;219.58;465.38;302.75;255.30;202.73;324.32;228.78
1996M04;221.50;295.33;157.48;304.70;220.43;464.47;305.36;254.54;202.27;324.99;229.69
1996M05;221.39;297.63;158.45;303.17;220.49;463.69;305.69;248.34;202.83;325.44;230.70
1996M06;221.22;297.97;155.02;302.37;219.84;462.86;302.69;248.32;202.35;325.66;232.38
1996M07;223.76;298.29;146.58;301.54;219.97;468.27;302.93;249.68;201.84;323.19;231.51
1996M08;221.09;298.09;146.17;300.36;220.19;467.49;300.66;251.59;200.44;325.38;231.53
1996M09;218.58;298.35;160.89;301.16;220.10;470.65;302.81;249.93;200.36;326.43;232.45
1996M10;217.22;298.38;163.79;301.31;220.15;483.11;302.87;248.15;199.39;326.27;232.86
1996M11;215.12;298.41;163.18;300.42;219.69;483.07;303.41;249.66;200.22;326.43;232.26
1996M12;215.95;298.35;160.55;299.51;218.91;483.07;304.28;247.51;199.94;326.53;232.56
1997M01;216.34;301.10;150.23;301.36;218.14;510.51;303.05;247.81;199.01;326.80;233.54
1997M02;217.09;304.98;145.43;300.61;218.60;511.14;304.59;245.16;199.96;326.12;234.03
1997M03;216.77;311.00;155.31;300.02;218.93;511.33;304.99;248.28;199.61;327.09;234.77
1997M04;219.43;317.36;158.69;300.67;219.39;511.48;304.68;250.78;199.73;327.75;234.98
1997M05;221.06;317.92;158.95;299.81;219.39;511.62;304.78;245.16;200.38;327.68;235.56
1997M06;222.74;319.74;156.08;300.79;219.54;511.53;304.93;244.17;199.88;327.78;235.45
1997M07;223.72;320.43;147.41;301.45;218.82;512.69;306.47;241.32;198.83;325.63;236.08
1997M08;222.56;326.16;147.92;301.06;217.44;512.30;309.78;240.11;198.01;327.39;236.03
1997M09;222.31;339.93;167.17;300.44;219.35;512.30;309.54;248.06;198.31;328.46;236.56
1997M10;221.06;345.36;169.91;299.84;219.46;525.42;307.75;248.88;198.61;329.44;236.66
1997M11;219.69;348.11;167.78;299.42;219.46;525.47;307.48;250.90;198.07;329.60;238.05
1997M12;219.54;349.69;165.64;299.27;219.19;525.52;307.41;246.70;199.21;331.40;237.82
1998M01;220.01;347.68;148.12;297.59;217.66;519.85;305.34;251.92;198.27;330.37;239.78
1998M02;220.32;348.03;144.50;296.81;218.34;520.43;305.80;250.37;198.63;330.30;240.49
1998M03;220.50;347.99;153.68;296.10;219.17;520.96;304.39;249.01;198.22;329.01;241.02
1998M04;222.62;348.20;156.58;295.98;219.02;521.43;304.82;248.74;198.08;331.23;243.07
1998M05;224.20;348.85;157.65;295.75;219.32;521.22;304.45;253.70;198.25;332.06;242.45
1998M06;224.94;348.79;150.89;295.42;219.63;521.43;305.77;251.77;197.62;331.66;242.88
1998M07;225.71;348.37;145.93;295.01;219.11;521.01;306.94;253.79;195.94;330.90;241.76
1998M08;225.05;322.35;147.28;294.12;219.50;520.90;305.53;255.49;194.89;331.49;242.93
1998M09;222.14;322.42;163.45;293.70;220.55;521.06;304.45;254.48;196.28;334.51;243.45
1998M10;222.07;322.66;166.84;293.32;219.94;520.85;305.68;259.34;196.89;335.27;243.86
1998M11;222.31;322.59;165.81;292.43;219.91;521.01;304.79;256.43;195.56;335.87;244.05
1998M12;222.36;322.56;164.93;291.39;219.76;521.53;303.04;257.69;196.44;335.37;244.50
1999M01;225.71;328.52;148.59;291.52;218.29;563.42;303.75;261.74;196.45;337.27;243.87
1999M02;225.91;328.48;146.98;291.23;219.37;562.38;302.99;264.16;196.72;339.76;244.42
1999M03;226.62;328.55;156.72;290.44;219.39;561.39;305.47;264.21;196.53;338.78;244.72
1999M04;226.67;328.61;160.20;289.88;219.61;562.54;307.78;259.42;197.45;340.23;246.54
1999M05;227.80;329.56;159.70;289.65;219.54;569.32;309.66;258.51;197.56;342.21;247.78
1999M06;228.16;330.08;157.95;289.59;219.85;610.06;310.23;256.24;197.35;341.47;247.39
1999M07;225.69;330.35;149.55;289.56;219.74;608.96;312.27;255.96;197.68;334.89;247.39
1999M08;225.64;330.18;148.54;289.48;219.59;608.81;313.81;255.59;196.15;340.09;247.76
1999M09;224.80;331.29;166.47;289.53;220.33;608.86;313.90;254.84;197.17;343.04;247.90
1999M10;225.22;331.55;170.55;289.36;220.40;609.38;313.39;253.02;197.33;343.41;247.37
1999M11;224.93;331.52;167.64;289.18;220.31;609.48;311.99;251.09;196.55;342.00;247.68
1999M12;224.53;331.78;167.01;289.56;220.70;609.07;315.75;250.52;197.76;341.84;248.12
2000M01;223.84;333.05;147.59;290.17;218.64;621.52;315.41;243.97;195.33;342.79;253.18
2000M02;225.89;333.18;147.52;291.06;219.81;622.25;319.12;241.48;196.79;343.51;253.21
2000M03;226.05;333.28;156.28;291.64;218.62;624.50;324.29;233.61;196.85;343.20;253.00
2000M04;226.16;333.61;160.45;291.33;219.01;626.75;318.65;232.68;196.40;344.57;253.73
2000M05;227.32;334.41;162.71;291.09;219.63;629.97;325.61;231.99;196.93;345.11;253.86
2000M06;227.28;335.07;158.61;291.41;220.16;629.85;328.57;232.02;195.43;346.72;254.61
2000M07;226.45;335.93;151.76;291.67;218.68;632.10;326.90;229.52;194.10;343.78;254.92
2000M08;226.47;336.26;153.62;292.11;220.64;633.25;325.01;222.56;194.76;345.46;255.04
2000M09;225.96;336.89;165.52;292.86;221.10;634.89;328.66;222.83;195.33;347.30;254.99
2000M10;225.49;337.36;168.14;293.49;221.24;636.17;327.40;225.12;196.60;346.82;256.20
2000M11;225.09;337.46;167.31;294.04;221.68;636.35;326.21;226.44;197.34;348.71;256.68
2000M12;225.80;337.69;166.50;294.65;221.83;638.05;319.91;225.78;198.16;349.77;257.48
2001M01;225.11;338.17;145.60;300.04;220.42;640.85;322.19;222.54;197.24;350.50;260.51
2001M02;226.30;338.10;147.17;300.99;221.94;642.57;324.74;222.25;196.28;351.52;262.09
2001M03;228.64;338.30;159.50;301.37;223.11;649.57;322.41;231.07;196.34;352.18;262.14
2001M04;231.10;338.37;164.62;303.41;223.33;659.00;327.64;231.14;196.83;353.55;263.27
2001M05;234.90;338.84;164.84;303.94;224.92;661.86;334.02;232.14;197.36;354.39;264.28
2001M06;234.00;339.28;161.84;304.95;225.17;662.63;329.24;232.00;199.07;355.09;264.00
2001M07;233.93;340.06;150.73;306.51;224.39;662.69;323.88;232.47;199.09;354.18;264.05
2001M08;234.22;340.36;154.64;307.31;225.94;661.93;323.43;232.47;197.50;357.26;265.24
2001M09;234.18;341.47;174.38;305.09;226.03;668.04;327.29;231.98;198.11;361.66;266.14
2001M10;236.18;341.51;176.30;303.23;226.09;669.69;319.29;232.18;198.28;360.93;268.47
2001M11;234.74;341.71;177.62;303.44;227.33;671.92;317.75;232.14;198.34;364.67;269.37
2001M12;236.38;336.31;178.08;303.26;228.61;670.90;316.64;232.09;199.93;363.66;269.63
2002M01;240.84;338.70;152.32;308.32;226.56;678.77;319.30;229.94;196.34;364.36;272.19
2002M02;239.64;339.94;155.65;308.48;227.97;679.51;320.89;230.08;197.03;365.52;272.33
2002M03;242.82;340.71;164.25;308.90;228.27;684.80;326.53;229.97;196.75;368.43;274.15
2002M04;241.43;340.88;166.30;311.20;228.95;684.40;331.22;229.83;196.30;370.03;275.74
2002M05;241.15;341.89;167.50;312.23;229.09;686.68;331.98;229.44;197.49;370.68;275.82
2002M06;240.09;342.29;164.46;312.51;228.59;687.02;329.80;227.63;198.98;371.30;276.49
2002M07;240.06;342.97;152.69;313.23;227.70;682.26;330.53;226.71;199.55;367.99;278.64
2002M08;240.65;343.17;155.52;312.78;229.45;683.86;330.72;226.58;196.87;371.81;279.07
2002M09;239.90;343.67;170.28;313.45;229.29;690.77;333.60;226.26;197.27;374.10;279.42
2002M10;239.66;343.67;174.71;314.11;230.53;690.57;333.03;225.98;198.78;374.86;280.61
2002M11;236.71;343.81;175.22;315.08;231.00;690.50;327.70;225.84;198.46;374.97;282.09
2002M12;237.28;344.61;174.71;314.63;230.73;692.78;329.38;225.82;199.95;374.31;282.06
2003M01;238.46;344.55;154.98;324.48;228.83;699.38;333.49;228.09;197.96;376.37;283.97
2003M02;240.52;344.62;156.88;328.82;231.57;702.50;338.94;226.77;197.90;377.42;285.09
2003M03;242.22;344.93;166.13;328.95;231.73;703.67;339.83;226.34;198.14;378.58;285.23
2003M04;241.37;346.30;168.91;327.62;232.77;705.06;332.66;225.89;197.07;379.48;285.35
2003M05;239.83;347.82;170.09;327.69;231.89;702.50;331.38;225.94;196.65;379.52;285.82
2003M06;240.02;348.23;163.09;325.39;231.57;704.37;332.96;223.97;198.62;380.27;285.68
2003M07;241.30;348.27;153.36;323.66;230.95;705.68;335.59;222.74;199.00;377.91;287.45
2003M08;241.89;348.54;153.04;323.15;231.50;705.75;337.03;223.02;196.61;382.51;287.17
2003M09;242.86;348.51;170.79;323.85;232.03;705.96;332.80;223.63;198.02;384.27;287.06
2003M10;241.65;348.20;172.78;324.22;232.37;707.48;335.16;223.31;196.35;384.76;288.60
2003M11;239.36;348.61;172.74;325.04;232.35;710.11;332.63;222.54;195.59;384.84;288.46
2003M12;239.95;348.89;171.04;324.82;231.71;711.63;333.58;221.25;197.29;385.51;288.97
2004M01;240.44;348.71;150.57;329.92;229.58;724.24;338.65;218.57;194.54;385.63;292.14
2004M02;240.08;349.06;150.68;328.33;228.88;725.80;337.19;217.77;194.22;385.32;293.19
2004M03;241.66;349.13;162.24;327.68;229.79;729.63;344.70;215.70;194.01;385.90;293.42
2004M04;240.99;349.17;165.43;325.86;230.06;730.34;346.57;215.12;194.03;386.48;294.03
2004M05;241.06;349.55;165.74;325.28;229.60;732.62;352.94;214.72;194.26;387.09;294.99
2004M06;240.48;349.59;158.78;324.92;229.76;732.54;347.10;214.24;195.91;386.94;295.31
2004M07;240.29;349.66;148.04;324.98;226.99;732.33;353.38;213.57;196.34;387.79;296.44
2004M08;240.01;349.76;148.16;325.63;227.77;734.96;351.31;213.31;194.36;389.83;296.18
2004M09;239.31;349.83;170.51;325.57;228.42;733.54;348.87;212.58;194.68;391.25;297.25
2004M10;238.67;349.55;173.54;325.57;228.75;734.89;354.61;214.66;193.87;391.99;296.96
2004M11;236.42;349.48;171.84;325.47;228.84;735.60;346.97;212.80;193.01;392.06;297.14
2004M12;237.45;348.85;171.04;324.60;228.68;737.16;345.47;212.25;194.30;393.06;297.72
2005M01;238.34;349.68;147.87;327.04;227.05;747.98;348.60;208.48;191.77;394.36;301.46
2005M02;242.82;349.78;149.20;326.87;227.05;748.83;352.51;206.61;192.44;394.65;302.10
2005M03;239.84;349.87;157.31;327.00;226.93;748.69;355.56;204.76;192.05;395.02;302.54
2005M04;238.74;350.01;161.38;327.73;226.89;747.81;359.26;203.15;190.00;396.27;302.11
2005M05;239.98;350.40;161.58;327.47;226.71;748.46;358.55;204.45;189.77;398.20;302.55
2005M06;238.68;351.12;156.61;327.33;225.44;748.26;363.65;201.74;191.97;397.96;303.35
2005M07;237.42;352.24;145.25;326.26;224.07;748.69;370.28;200.02;192.18;393.36;303.71
2005M08;236.97;352.84;149.69;326.69;225.64;748.69;371.63;199.23;190.37;396.44;304.68
2005M09;236.57;353.03;169.97;326.96;225.82;749.23;370.45;197.92;190.42;399.93;305.31
2005M10;235.89;353.14;173.16;327.49;226.50;749.34;369.36;197.04;190.88;400.33;309.70
2005M11;235.94;353.15;172.79;328.25;225.58;750.01;362.46;196.41;190.39;401.68;310.64
2005M12;235.94;353.35;170.32;328.76;224.40;749.16;363.84;195.36;191.39;401.23;311.65
2006M01;236.96;354.10;150.78;330.25;219.27;752.13;366.47;194.68;186.46;402.34;314.46
2006M02;238.58;355.62;154.35;332.80;220.82;752.76;363.06;193.74;187.94;404.37;314.08
2006M03;238.72;355.29;166.06;335.29;221.41;751.46;366.34;192.90;186.53;406.44;315.06
2006M04;238.29;355.65;169.96;336.42;221.08;751.31;373.83;191.38;186.87;406.31;316.22
2006M05;242.10;356.29;167.57;336.48;220.95;752.67;374.49;188.23;187.28;406.27;317.25
2006M06;239.78;356.48;162.42;336.79;219.66;752.89;376.31;189.44;189.95;406.94;317.87
2006M07;241.10;357.45;150.64;339.34;219.37;748.73;376.41;186.25;190.39;405.35;317.69
2006M08;240.76;355.60;154.63;341.10;218.67;752.12;373.62;185.05;188.94;406.65;318.61
2006M09;241.79;356.21;173.04;343.79;220.01;754.20;362.61;184.47;189.07;407.98;319.18
2006M10;240.25;357.01;176.06;342.67;220.43;751.67;361.90;186.45;189.68;410.17;319.28
2006M11;240.69;358.49;176.00;345.43;221.01;754.05;359.37;183.78;188.81;411.71;319.10
2006M12;239.91;358.92;174.58;344.71;220.41;753.23;361.56;181.10;190.55;411.68;320.11
2007M01;242.00;375.10;154.54;347.70;219.92;763.12;357.77;181.31;187.40;414.78;321.23
2007M02;242.21;379.63;157.25;348.06;220.08;764.74;363.20;183.05;188.68;413.95;321.50
2007M03;242.83;380.21;167.84;348.12;222.16;766.37;369.72;183.26;187.03;415.67;322.33
2007M04;244.93;381.86;172.82;349.54;221.69;769.54;373.30;182.83;186.01;416.60;323.10
2007M05;242.75;382.24;173.65;348.43;222.67;769.81;373.36;183.45;186.06;419.41;322.70
2007M06;242.31;382.59;169.31;349.02;222.58;770.13;376.28;182.67;188.78;420.32;323.01
2007M07;244.47;382.91;155.09;350.68;219.54;772.95;375.47;182.54;190.06;417.29;331.07
2007M08;244.34;382.95;156.92;351.57;220.65;777.90;372.11;182.73;187.24;424.13;331.24
2007M09;243.80;384.81;175.48;355.00;220.31;778.85;373.00;182.14;188.02;423.87;332.71
2007M10;246.76;385.91;181.34;356.60;222.10;778.29;372.98;181.42;187.89;425.32;332.29
2007M11;249.49;386.17;180.93;360.61;222.55;779.57;379.13;180.32;187.29;425.76;332.36
2007M12;251.40;387.13;178.58;362.90;221.25;780.58;378.76;177.48;188.69;424.86;331.86
2008M01;254.85;404.22;151.43;364.79;218.60;777.71;381.94;177.62;182.26;432.05;329.60
2008M02;256.48;407.26;154.61;365.75;219.54;778.42;384.05;175.01;182.76;432.66;331.09
2008M03;259.40;408.37;167.22;368.27;220.63;779.00;386.89;176.66;182.06;436.79;331.78
2008M04;260.77;411.77;169.96;370.88;221.13;780.46;389.55;175.96;180.78;438.31;331.81
2008M05;261.96;412.64;170.60;371.21;222.82;781.84;394.72;174.98;180.79;441.32;332.54
2008M06;261.74;413.54;166.33;375.59;221.39;781.86;400.05;173.60;182.67;442.75;333.02
2008M07;263.95;413.65;151.07;380.82;219.63;747.21;398.28;173.47;182.79;441.98;333.97
2008M08;262.54;414.06;160.10;382.86;222.74;746.00;392.69;172.74;181.38;445.47;333.42
2008M09;263.16;414.27;178.66;387.14;223.13;745.42;392.06;172.42;182.29;449.77;333.95
2008M10;264.27;415.66;179.95;392.34;224.10;746.10;380.98;170.05;183.32;450.98;334.36
2008M11;264.79;415.64;178.57;387.38;224.74;746.42;369.82;169.64;182.51;450.83;334.70
2008M12;266.36;415.72;174.12;370.21;224.57;746.69;367.12;169.54;183.78;451.09;334.73
2009M01;268.74;416.40;155.23;372.83;222.60;764.40;371.00;168.43;181.24;450.13;335.26
2009M02;270.27;416.85;157.03;366.18;223.18;765.55;376.64;167.59;182.91;452.13;336.82
2009M03;271.13;417.26;168.63;363.07;224.22;765.92;379.61;166.63;181.99;453.22;338.29
2009M04;270.57;421.52;171.17;361.80;224.88;766.05;383.19;167.52;181.98;451.31;339.32
2009M05;269.78;421.98;170.45;354.37;226.42;766.80;389.55;167.37;182.66;453.94;339.17
2009M06;269.13;422.87;162.24;355.51;225.72;766.65;397.66;168.47;184.03;455.50;340.63
2009M07;269.71;426.12;156.74;351.58;226.68;767.68;393.98;169.05;185.00;454.28;340.56
2009M08;269.33;426.68;162.39;351.80;227.80;766.38;396.53;168.93;182.75;456.80;341.64
2009M09;267.48;426.72;181.20;349.96;226.94;768.64;392.29;168.97;183.30;460.34;343.41
2009M10;268.30;429.77;183.65;349.17;227.78;773.49;393.95;168.99;184.18;461.07;342.87
2009M11;268.31;429.82;182.44;348.45;226.28;779.71;396.34;167.52;183.57;462.89;344.46
2009M12;268.32;429.84;181.34;350.13;226.79;781.35;397.06;166.75;184.94;463.57;344.60
2010M01;272.48;424.89;163.62;351.22;223.18;791.64;399.03;165.39;181.03;462.98;344.89
2010M02;273.14;425.56;165.72;354.48;225.53;790.37;400.98;164.91;182.08;466.55;345.83
2010M03;274.15;426.00;174.63;351.23;226.07;791.25;404.34;165.40;181.51;467.62;346.76
2010M04;274.02;426.36;174.67;349.69;226.19;791.13;407.21;164.95;181.68;468.42;347.63
2010M05;272.74;426.83;177.14;351.32;226.04;792.49;407.60;165.31;181.59;469.53;348.40
2010M06;272.44;429.38;172.34;352.96;224.83;792.55;407.06;164.03;182.51;472.34;349.48
2010M07;271.96;429.65;161.26;354.71;223.35;794.73;405.18;164.99;183.22;469.18;350.46
2010M08;272.51;430.17;162.63;355.17;224.38;795.36;403.20;166.02;181.82;469.88;350.21
2010M09;272.53;430.53;181.96;357.98;222.49;795.78;402.76;165.16;182.05;473.77;351.07
2010M10;272.39;430.30;185.65;358.86;223.02;796.84;405.08;165.03;182.12;474.79;352.94
2010M11;274.07;430.12;185.38;362.12;223.39;797.61;405.57;165.00;181.66;476.20;352.83
2010M12;275.44;430.33;184.91;368.66;223.29;797.17;410.35;164.08;182.31;475.41;352.99
2011M01;274.97;430.33;167.18;376.42;219.99;805.54;407.94;161.91;179.12;475.30;350.45
2011M02;277.53;430.71;166.69;378.50;222.71;806.40;411.83;161.99;180.34;478.55;351.90
2011M03;277.81;430.44;175.86;383.30;221.98;807.72;414.95;161.67;179.42;479.40;351.99
2011M04;277.63;430.88;178.63;383.98;222.33;807.25;424.47;162.65;178.46;479.82;353.64
2011M05;276.79;430.94;180.74;386.50;223.06;807.61;420.51;162.42;179.09;484.42;353.36
2011M06;275.91;433.16;173.62;386.61;222.21;807.09;420.58;161.61;180.10;483.38;352.29
2011M07;277.11;434.07;161.53;387.82;222.24;807.50;422.58;161.32;181.56;482.95;353.65
2011M08;277.65;434.20;168.13;389.28;222.19;807.09;416.65;161.34;179.62;485.14;352.61
2011M09;275.77;434.20;188.58;388.89;224.00;808.26;418.50;160.76;180.09;489.04;353.35
2011M10;275.76;434.52;189.60;390.13;223.09;808.20;417.38;160.06;179.87;487.16;352.74
2011M11;275.67;434.36;187.19;393.86;224.31;808.91;415.98;161.99;179.36;488.91;354.79
2011M12;277.18;434.29;184.67;395.11;223.49;807.12;417.82;163.32;179.90;489.63;355.44
2012M01;277.91;439.51;159.78;396.28;221.49;827.99;417.62;162.66;175.42;482.30;358.90
2012M02;280.38;449.64;162.92;397.69;223.14;828.49;422.42;161.89;176.40;482.45;359.33
2012M03;281.21;452.35;173.88;393.94;223.43;827.10;427.63;161.41;175.39;484.39;360.59
2012M04;279.29;453.65;180.32;394.30;222.84;827.91;432.85;160.72;174.37;482.65;361.81
2012M05;280.45;454.02;180.77;393.16;223.77;830.61;426.70;160.81;174.89;485.99;362.62
2012M06;282.82;454.01;173.25;393.14;221.97;831.89;424.52;158.23;175.79;485.15;361.84
2012M07;281.59;454.22;162.83;391.22;221.14;832.00;428.54;157.36;176.71;482.64;362.07
2012M08;281.06;454.29;168.66;392.48;220.95;831.45;427.15;156.60;174.67;487.31;362.36
2012M09;280.10;454.32;184.55;389.32;221.57;832.43;429.92;156.23;175.66;487.53;362.81
2012M10;280.73;454.69;186.00;387.50;219.49;832.43;425.63;156.94;177.68;488.77;363.11
2012M11;281.11;454.88;186.28;387.14;219.66;831.55;420.02;157.34;175.97;490.88;363.91
2012M12;282.41;454.74;184.35;388.65;219.10;829.68;425.00;156.43;176.23;490.72;364.30
2013M01;284.40;456.95;161.90;391.39;215.90;841.84;419.26;155.82;173.52;490.38;363.61
2013M02;285.60;457.80;167.64;390.20;215.62;842.74;423.73;156.15;175.16;491.57;364.04
2013M03;286.05;458.31;179.68;390.23;216.59;843.96;423.06;157.03;174.80;492.25;364.34
2013M04;287.27;458.34;180.05;390.35;215.26;844.10;419.29;156.80;173.33;492.19;363.74
2013M05;288.98;458.38;178.85;389.03;218.51;846.69;420.37;156.06;173.40;496.46;365.84
2013M06;289.40;458.73;171.62;387.21;216.93;847.58;423.69;154.91;175.03;496.22;364.78
2013M07;290.03;459.31;158.97;387.34;215.89;848.37;427.59;154.41;176.06;497.04;365.44
2013M08;287.79;459.29;173.33;387.86;216.36;848.08;422.96;155.93;173.92;496.98;365.10
2013M09;287.79;460.39;185.09;389.15;215.64;847.46;420.95;154.86;174.25;497.73;366.25
2013M10;285.31;460.82;187.23;388.41;214.86;847.23;417.72;154.52;175.04;496.08;366.13
2013M11;285.54;460.60;187.01;389.06;216.21;846.32;415.78;155.25;173.29;495.89;367.86
2013M12;285.32;460.06;186.41;388.18;215.97;848.02;424.37;151.92;175.09;496.87;368.38
2014M01;285.32;466.93;165.83;388.50;213.85;849.37;412.63;152.07;172.80;493.60;368.14
2014M02;287.23;466.25;172.32;387.33;214.97;851.19;415.75;151.63;173.70;494.83;368.63
2014M03;286.50;465.36;177.05;386.72;215.28;850.36;415.95;151.14;172.29;495.78;369.90
2014M04;286.12;465.53;181.87;386.70;214.73;850.67;425.41;152.14;171.48;495.50;369.92
2014M05;287.68;465.22;180.68;387.83;214.95;850.30;419.58;151.75;172.35;500.96;370.06
2014M06;288.45;464.55;176.25;386.88;214.57;849.90;426.88;152.26;174.48;499.80;370.10
2014M07;290.86;465.13;162.80;385.14;213.74;851.01;428.54;151.45;175.68;497.91;369.55
2014M08;289.36;465.38;171.56;384.96;213.80;851.81;424.07;150.52;173.33;501.81;369.02
2014M09;287.51;465.70;183.32;384.81;213.21;846.99;420.79;151.80;173.43;502.67;369.08
2014M10;288.60;465.78;184.23;383.61;214.90;852.93;418.39;151.16;174.15;503.51;370.23
2014M11;289.16;465.86;186.19;383.14;215.47;850.45;413.00;150.97;173.24;504.86;371.39
2014M12;289.47;466.48;185.76;382.59;214.34;849.44;416.37;150.57;174.89;504.40;371.75
2015M01;289.51;482.42;166.05;383.22;211.75;849.71;403.42;148.68;172.65;503.54;372.53
2015M02;291.97;478.96;173.44;381.79;213.37;851.38;414.24;148.67;173.25;507.26;372.57
2015M03;292.28;481.89;179.16;381.08;214.75;852.61;415.70;147.45;170.81;508.39;373.67
2015M04;293.79;483.41;181.39;378.18;213.91;852.69;419.92;147.28;169.59;509.85;373.18
2015M05;295.92;483.51;181.81;376.80;213.93;851.74;423.87;146.11;172.16;511.30;374.86
2015M06;294.26;484.46;173.20;374.08;212.43;851.52;428.16;141.67;174.80;513.50;374.96
2015M07;296.87;484.58;165.53;371.17;212.71;854.23;433.63;141.51;176.87;512.46;375.31
2015M08;297.19;484.78;174.75;371.85;213.67;854.13;420.57;140.82;174.36;515.01;376.01
2015M09;296.53;486.50;186.70;372.65;215.81;852.04;416.54;140.57;175.32;517.22;376.29
2015M10;297.41;486.74;188.57;372.87;214.45;851.17;415.20;140.07;176.22;516.42;376.21
2015M11;296.18;486.54;190.72;373.93;214.73;850.63;411.08;139.62;174.26;517.59;376.89
2015M12;294.89;486.59;189.77;372.26;215.07;851.06;416.55;139.90;175.82;520.32;377.77
2016M01;295.87;487.49;169.91;379.31;214.52;854.13;413.08;139.10;173.28;517.56;381.63
2016M02;296.77;488.14;179.28;377.10;216.51;856.04;410.83;138.90;175.01;518.40;382.97
2016M03;298.15;489.46;186.98;377.50;215.78;856.59;419.88;138.58;173.23;519.13;383.41
2016M04;298.43;489.92;187.98;376.40;216.03;857.39;418.11;139.43;173.57;519.64;383.66
2016M05;298.61;489.96;188.04;376.40;216.37;857.06;421.66;138.57;173.97;521.45;384.56
2016M06;295.89;490.43;178.42;378.81;215.94;854.23;428.08;136.51;176.24;524.31;386.45
2016M07;299.70;491.53;171.24;378.12;214.90;854.77;431.97;136.17;177.18;525.61;383.65
2016M08;298.31;491.62;184.98;378.64;214.66;855.24;420.37;136.28;175.02;526.63;384.70
2016M09;296.77;492.19;192.96;379.30;215.17;854.50;418.72;133.44;175.23;530.55;384.78
2016M10;298.08;492.33;193.95;380.99;215.78;855.50;421.23;133.17;175.77;529.30;386.39
2016M11;297.92;492.89;194.78;383.43;215.25;855.64;419.41;132.91;174.73;530.96;385.12
2016M12;299.59;493.01;195.34;382.11;215.13;853.65;431.31;132.96;175.47;532.97;387.47
2017M01;300.90;496.56;173.70;386.46;213.17;857.47;428.62;129.75;173.50;530.33;387.01
2017M02;302.88;496.77;180.58;387.01;215.12;859.10;430.84;130.01;175.68;534.99;387.94
2017M03;302.93;497.79;186.17;386.44;214.85;861.14;427.42;129.70;173.57;536.82;391.56
2017M04;302.76;498.77;187.97;385.78;217.15;860.52;439.11;129.38;174.90;535.58;394.64
2017M05;303.02;499.06;188.81;386.32;215.14;860.06;431.77;129.93;176.66;545.45;395.68
2017M06;302.69;499.79;179.28;385.28;215.32;860.69;435.51;129.58;180.45;543.62;399.25
2017M07;306.02;500.35;171.03;388.36;214.34;862.36;441.12;129.01;184.97;542.35;398.88
2017M08;305.88;500.23;181.71;389.39;215.48;861.90;432.33;129.08;179.91;545.42;400.76
2017M09;304.64;500.99;190.58;391.01;214.17;857.29;431.27;128.57;178.15;549.87;400.42
2017M10;305.41;501.59;190.20;390.15;213.84;854.51;430.01;129.35;178.23;549.95;399.56
2017M11;305.43;501.54;193.38;392.29;214.00;861.27;431.92;129.05;176.70;549.87;399.62
2017M12;308.13;501.31;194.47;392.30;214.70;860.01;437.00;128.80;177.35;549.85;399.46
2018M01;307.84;501.50;171.32;396.18;213.06;856.56;431.30;127.10;175.64;550.26;400.19
2018M02;308.38;501.89;182.86;398.56;216.54;860.61;432.46;127.29;175.92;552.47;401.89
2018M03;309.12;504.38;187.13;400.76;215.63;857.61;434.81;127.25;174.60;553.60;402.30
2018M04;310.39;505.53;188.14;399.04;216.62;860.28;440.12;126.53;177.35;555.60;403.24
2018M05;312.36;506.59;189.28;397.48;215.58;868.34;442.96;126.05;177.72;559.81;404.15
2018M06;309.90;506.64;180.41;400.71;215.41;865.85;447.79;125.97;181.45;560.65;404.38
2018M07;313.86;506.97;168.54;404.24;215.35;859.68;456.51;125.37;186.25;555.74;403.26
2018M08;312.60;507.14;177.17;405.96;217.26;859.84;448.60;125.75;179.98;562.41;404.51
2018M09;314.09;509.26;189.40;406.31;217.26;849.76;447.45;124.09;181.00;565.85;405.66
2018M10;312.57;509.31;190.17;406.30;217.31;851.24;448.42;123.10;179.61;564.49;406.42
2018M11;312.18;509.46;193.37;409.01;216.47;846.48;442.04;121.74;178.42;567.38;405.90
2018M12;314.09;509.24;195.03;409.84;216.83;844.80;447.82;120.94;180.04;565.10;407.09
2019M01;312.87;509.90;171.88;415.02;214.99;858.85;438.49;119.03;176.59;558.45;410.98
2019M02;316.85;510.72;179.24;415.07;216.87;873.41;444.02;118.41;175.99;563.76;413.47
2019M03;319.14;514.04;182.41;414.15;218.68;877.41;445.44;117.12;175.44;565.49;413.82
2019M04;318.62;514.42;185.34;414.64;218.28;878.99;461.30;117.68;176.72;567.40;413.37
2019M05;318.87;516.02;188.88;413.88;219.73;882.56;459.11;117.12;177.97;577.16;413.14
2019M06;319.21;516.08;178.81;410.19;220.64;883.98;460.33;115.71;182.48;577.75;413.58
2019M07;325.89;516.36;167.74;413.92;218.67;840.52;468.15;115.33;186.66;573.48;412.83
2019M08;323.01;516.62;174.69;414.91;217.94;847.84;459.77;115.30;181.06;575.24;414.91
2019M09;322.68;519.01;186.54;415.06;220.19;855.78;457.01;115.33;180.64;582.05;418.00
2019M10;321.08;518.99;186.92;414.85;219.24;864.66;459.86;115.91;180.55;581.46;417.59
2019M11;322.03;519.08;190.77;417.43;220.31;868.95;457.24;115.44;177.67;583.56;417.55
2019M12;322.08;518.94;192.18;416.33;220.65;869.10;467.31;115.22;179.74;581.56;417.22
2020M01;320.53;519.21;168.81;413.68;217.41;882.19;460.63;111.52;176.23;576.79;419.94
2020M02;324.79;519.80;173.31;412.61;221.81;888.31;460.38;111.00;177.06;579.55;421.70
2020M03;327.21;522.75;180.24;411.74;219.52;892.76;454.82;110.99;173.97;578.80;422.14
2020M04;329.90;523.30;178.21;409.64;222.24;892.75;448.96;108.84;173.86;571.15;422.86
2020M05;331.23;524.94;182.62;411.07;222.10;896.04;449.74;110.28;176.23;577.33;424.42
2020M06;327.59;525.89;180.88;413.75;222.62;901.44;463.34;110.36;179.59;575.74;423.54
2020M07;330.98;526.34;173.67;410.49;221.80;856.97;477.10;110.48;182.87;576.77;423.35
2020M08;329.54;526.09;176.04;417.28;222.23;865.91;463.12;109.98;178.82;578.44;427.85
2020M09;325.58;527.42;187.88;418.20;223.81;872.30;460.76;110.01;176.35;581.35;427.98
2020M10;325.80;527.66;189.25;414.54;224.19;874.12;462.08;109.68;176.99;580.06;428.49
2020M11;325.74;527.93;191.19;416.77;224.81;877.56;458.27;108.52;176.22;580.85;427.39
2020M12;325.30;528.78;192.42;419.34;224.68;884.39;469.45;108.64;178.97;579.54;428.61
2021M01;326.63;528.63;175.43;424.40;222.68;886.77;468.19;108.00;175.37;579.01;430.82
2021M02;325.24;529.04;180.91;425.34;222.72;889.28;471.06;107.94;176.01;581.75;430.80
2021M03;326.97;530.35;188.21;422.75;223.06;879.04;477.31;107.56;175.13;581.56;430.81
2021M04;328.16;530.97;191.08;421.31;223.93;888.22;478.28;107.02;176.72;582.34;432.25
2021M05;328.00;531.62;193.69;423.46;224.50;879.99;481.12;107.22;175.55;583.88;433.09
2021M06;326.57;531.61;187.59;424.68;224.37;887.00;486.41;107.58;176.33;584.69;430.72
2021M07;330.08;532.02;180.13;429.31;223.68;846.49;490.94;107.27;177.07;589.06;428.46
2021M08;330.62;532.09;184.34;432.95;226.40;840.51;492.88;106.89;176.39;593.30;433.82
2021M09;328.42;532.66;192.86;439.53;227.30;851.85;489.24;107.14;176.28;595.07;436.67
2021M10;329.61;532.72;193.30;434.26;227.14;860.77;496.23;107.02;179.30;597.17;437.60
2021M11;329.08;533.19;196.55;440.45;227.54;856.84;496.61;106.73;179.32;602.97;437.17
2021M12;330.90;532.94;200.04;458.74;229.02;854.90;497.46;107.06;178.60;605.37;438.46
2022M01;332.97;533.04;181.05;448.61;233.03;885.32;505.32;106.33;177.17;603.36;438.13
2022M02;338.16;533.59;185.47;445.99;237.23;896.22;513.40;106.71;179.97;607.35;440.87
2022M03;346.07;539.23;191.14;456.16;241.08;901.06;529.46;106.27;180.16;616.18;443.90
2022M04;349.98;540.76;194.25;455.50;243.06;912.80;533.74;106.04;180.23;623.91;451.26
2022M05;356.85;541.63;198.36;460.77;247.58;914.96;532.57;106.44;182.82;634.54;451.48
2022M06;363.02;541.25;193.00;469.30;251.70;919.79;554.08;106.41;183.21;643.48;450.72
2022M07;374.64;541.67;189.42;468.55;248.61;874.86;551.61;106.53;183.84;641.65;452.61
2022M08;377.02;541.45;195.64;498.22;253.34;885.62;540.33;106.45;183.21;651.13;456.10
2022M09;381.23;548.11;204.83;515.48;258.37;897.52;536.49;106.58;184.08;653.33;454.89
2022M10;386.39;549.35;205.42;498.07;261.24;902.62;553.34;108.03;188.24;656.12;457.30
2022M11;388.50;549.80;206.99;518.01;262.59;903.15;547.63;106.60;186.94;661.15;461.28
