month;food;alcohol;clothes;living;housekeeping;healthcare;transport;comunications;recreations;restaurants;other;plain_mean;KPI
19800101;95,13;94,83;94,58;95,36;95;96,15;94,6;92,77;97,25;95,17;97,25;95,28;95,3
19800201;96,07;94,97;95,36;97,78;96,75;96,18;96,68;95,29;97,44;96,3;99,87;96,61;96,8
19800301;96,71;95,43;97,27;97,99;97,57;96,26;97,09;95,29;97,97;96,65;98,83;97,01;97,2
19800401;97,35;95,64;98,51;98,61;98,06;96,36;97,4;101,17;98,77;97,43;97,89;97,93;97,9
19800501;97,79;95,57;98,79;99,12;98,22;96,36;98,05;101,35;98,36;97,69;98,33;98,15;98,2
19800601;97,92;95,92;98,53;99,75;98,35;96,62;98,78;100,86;98,06;98,28;97,78;98,26;98,5
19800701;99,98;96,22;96,87;100,14;99,41;100,34;99,16;102,21;99,69;99,71;97,93;99,24;99,3
19800801;100,93;96,41;97,99;100,52;100,27;100,51;99,68;102,21;99,73;100,54;98,35;99,74;99,9
19800901;103,5;108,65;103,09;100,64;103,56;104,62;101,85;102,21;101,9;103,7;101,68;103,22;102,7
19801001;104,46;108,76;106,15;102,61;103,79;105,49;104,68;102,21;102,43;104,26;103,85;104,43;104,2
19801101;104,89;108,78;106,39;103,47;104,26;105,54;105,53;102,21;103,88;104,94;104,14;104,91;104,8
19801201;105,28;108,8;106,47;103,99;104,76;105,54;106,48;102,21;104,55;105,29;104,14;105,23;105,2
19810101;109,88;108,79;103,14;107,83;105,1;115,62;107,48;107,04;105,77;107,22;101,09;107,18;107,2
19810201;111,38;109,98;103,46;111,8;106,22;118,65;109,39;113,59;106,08;108,58;102,43;109,23;109,3
19810301;111,77;110,03;104,71;112,13;107,16;119,54;109,92;113,59;107,18;109,16;103,78;109,91;109,8
19810401;112,76;111,84;105,91;112,77;107,7;120,52;108,99;113,59;108,22;109,71;104;110,55;110,5
19810501;113,42;111,98;106,15;113;108,35;121,53;111,68;113,59;108,59;110,83;103,86;111,18;111,2
19810601;113,71;112,05;105,06;114,13;108,65;122,57;111,8;114,7;108,61;112,04;104,61;111,63;111,6
19810701;116,07;112,06;103,83;115,26;109,13;121,44;114,14;114,55;108,92;113,39;104,52;112,12;112,6
19810801;117,18;112;104,16;116,46;110,48;121,9;115,2;114,55;108,8;114,52;105,55;112,80;113,5
19810901;117,64;112,7;107,36;116,77;110,57;127,71;115,89;114,55;109,62;116,6;105,86;114,12;114,3
19811001;119,17;112,84;110,61;116,36;110,52;127,76;117,59;114,55;109,97;117,02;107,38;114,89;115
19811101;119,54;113,19;110,8;116,92;110,81;127,76;118,02;114,55;110,98;117,18;107;115,16;115,4
19811201;117,76;112,95;109,24;117,13;109,39;127,33;118,3;114,55;110,46;117,1;106,17;114,58;114,9
19820101;122,21;113,1;106,13;122,08;110,79;134,19;118,72;114,55;112,24;119,66;106,88;116,41;117,4
19820201;125,76;114,42;107,71;122,38;113,7;135,31;120,42;114,55;113,08;122,66;109,66;118,15;119
19820301;127,13;114,44;109,31;120,85;114,04;135,33;121,49;114,55;114,28;123,3;110,36;118,64;119,3
19820401;127,44;116,41;111,17;121,72;114,54;135,61;122,39;114,55;114,72;124,17;110,53;119,39;120,1
19820501;128,04;119,6;111,42;122,18;114,65;134,57;122,36;114,55;114,97;125,2;110,59;119,83;120,7
19820601;128,86;120,05;110,84;122,49;114,94;133,55;123,21;114,55;115,59;125,79;110,33;120,02;121,1
19820701;130,6;120,11;109,33;123,78;115,47;143,6;124,27;114,55;115,35;125,54;110,59;121,20;121,9
19820801;131,13;120,11;109,29;123,9;116,28;142,62;124,64;114,55;115,55;126,96;111,69;121,52;122,2
19820901;131,69;120,13;112,74;123,98;117,03;143,68;125,58;114,55;115,65;128,26;112,41;122,34;122,9
19821001;132,1;121,01;115,36;126,13;117,57;143,7;130,03;114,55;116,68;129,04;114,77;123,72;124,6
19821101;133,37;121,17;115,74;126,77;118,71;144,91;131,24;114,55;118,88;130,18;115,58;124,65;125,6
19821201;133,4;121,28;116,15;126,86;119,4;145,17;131,97;114,55;119,62;131,99;115,96;125,12;125,9
19830101;137,73;129,09;113,49;130,26;121,52;148,39;133,94;111,88;122,14;134,91;117,95;127,39;129,1
19830201;138,44;132,75;114,43;127,98;122,6;148,74;134,52;111,88;122,85;136,1;118,27;128,05;128,8
19830301;140,33;132,98;116,24;127,39;123,28;149,13;133,15;111,88;124,48;136,8;120,05;128,70;129,3
19830401;141,17;134;118,48;127,39;124,29;149,22;135,62;116,99;125,03;138,49;122,19;130,26;130,3
19830501;142,36;134,06;118,85;128,32;125,5;150,73;136,16;116,99;125,66;139,69;122,82;131,01;131,1
19830601;143,63;134,49;118,46;128,75;126,73;151,7;136,61;119,03;126,51;141;124,9;131,98;131,8
19830701;145,79;134,61;117,19;129,82;126,94;154,48;137,84;126,84;127,16;141,83;125,72;133,47;132,9
19830801;146,63;134,73;118,2;129,75;128,7;154,54;139,53;126,84;127,61;143,39;126,78;134,25;133,5
19830901;147,01;134,76;121,54;130,45;129,34;155,25;140,62;126,84;129,2;144,61;127,59;135,20;134,5
19831001;148,73;135,33;125,54;131,26;129,5;155,68;141,28;126,84;129,69;145,35;128,46;136,15;135,6
19831101;149,5;135,95;125,92;132,19;129,93;155,47;142,49;126,84;130,4;147,26;129,46;136,86;136,4
19831201;151,38;145,15;126,19;132,05;130,39;156,08;142,71;126,84;130,98;149,51;129,91;138,29;137,5
19840101;154,49;145,39;120,08;135,24;131,21;164,47;146,02;126,97;132,49;152,88;131,05;140,03;139,4
19840201;158,08;146,23;120,27;135,62;133,05;164,68;133,36;126,97;133,33;153,95;132,39;139,81;138,9
19840301;158,28;146,22;121,91;135,87;132,88;164,69;144,82;126,97;134,57;156,13;134,08;141,49;140,9
19840401;159,28;146,76;124,55;136,51;134,1;165,37;144,58;127,93;135,5;158;136,66;142,66;141,8
19840501;161,86;146,8;125,05;136,73;134,78;165,58;146,67;127,74;136,27;158,81;137,18;143,41;142,8
19840601;162,6;146,8;124,57;136,86;135,07;165,46;142,94;127,74;136,39;158,64;136,95;143,09;142,4
19840701;162,42;146,96;122,24;139,24;135,45;165,43;141,56;127,74;136,89;158,61;137,48;143,09;142,8
19840801;162,8;147,1;123,45;138,58;137,83;168,03;147,26;127,74;137,14;161,39;138,35;144,52;143,9
19840901;163,39;147,13;128,09;139,12;137,79;169,11;148,02;127,74;138,12;163,34;138,96;145,53;144,8
19841001;164,05;149,23;132,59;140,03;138,6;171,18;145,62;127,74;138,06;164,07;140,05;146,47;145,5
19841101;163,17;149,04;133,29;141,36;139,02;171,24;149,22;127,74;138,76;165,19;141,2;147,20;146,4
19841201;164,16;157;133,22;143,97;139,59;174,01;155,13;127,81;138,95;166,88;142,11;149,35;148,8
19850101;166,59;157,23;127,97;146,25;140,21;178,75;154,69;127,9;139,32;171,64;142,89;150,31;149,6
19850201;170,17;157,53;127,59;147,02;141,86;180,45;156,69;127,9;140;172,71;143,09;151,36;151
19850301;171,68;157,42;129,93;147,67;143,03;182,01;158,62;127,9;140,51;175,16;143,83;152,52;152,1
19850401;172,27;158,07;132,61;148,17;143,65;181,85;158,62;127,9;140,46;176,21;144,85;153,15;152,7
19850501;174,77;158,16;132,83;152,38;144,02;182,01;158,41;129,25;140,65;176,56;145,01;154,00;154,5
19850601;173,78;158,21;132,2;150,89;143,99;182,01;159,14;129,32;141,03;176,76;145,25;153,87;153,9
19850701;174,13;158,19;129,58;149,77;144,43;184,61;161,47;129,32;141,66;174,99;145,22;153,94;153,8
19850801;173,91;158,21;129,82;149,55;145,32;184,97;160,35;129,32;141,68;178,26;145,1;154,23;153,8
19850901;175,52;158,21;134,04;149,62;145,59;184,97;159,52;129,32;142,33;179,72;145,19;154,91;154,5
19851001;175,08;158,9;139,03;151,86;145,56;184,97;158,29;129,32;143,07;180,71;145,62;155,67;155,5
19851101;174,62;160,82;139,4;152,66;145,78;185,07;162,8;129,32;143,21;182,82;146,98;156,68;156,5
19851201;175,78;160,89;139,92;153,07;146,51;186,08;162,96;129,32;144,36;184,1;148,52;157,41;157,1
19860101;180,84;160,96;132,28;156,86;147,68;191,35;162,75;136,71;144,82;188,49;148,86;159,24;158,9
19860201;183,94;160,96;131,44;155,45;148,74;191,77;161,9;138,42;144,65;189,8;149,55;159,69;159
19860301;184,1;161,42;135,4;153,22;150,38;192,13;160,34;136,41;145,06;191,62;148,91;159,91;158,7
19860401;185,8;162,59;136,93;153,94;151,19;192,48;160,58;136,67;145,8;192,5;151,27;160,89;159,7
19860501;186,2;162,62;137,28;152,87;151,88;192,57;161,04;137,48;145,96;193,29;152,54;161,25;159,7
19860601;187,06;162,52;136,39;152,22;152,29;192,74;160,81;137,74;146,97;193,52;152,85;161,37;159,7
19860701;186,31;162,67;133,34;153,68;152,65;198,08;161,38;138;147,96;194,95;153,22;162,02;160,1
19860801;185,52;162,56;132,74;153,45;153,57;198,27;160,4;138,26;148,32;196,63;153,98;162,15;159,9
19860901;187,29;162,59;137,95;153,82;154,25;199,01;162,95;138,51;149,46;198,21;154,91;163,54;161,3
19861001;187,42;163,76;143,5;152,84;154,33;199,2;164,54;138,76;149,53;199,09;155,65;164,42;161,9
19861101;186,38;163,78;143,04;152,82;154,7;199,22;164,53;139,02;151,31;199,92;156,26;164,63;161,9
19861201;186,61;163,71;142,96;153,61;154,98;199,55;164,9;139,15;151,31;201,85;156,56;165,02;162,3
19870101;186,51;171,85;138,62;156,58;156,49;199,92;167,7;143,34;151,18;204,93;157,02;166,74;164,4
19870201;187,24;176,11;136,14;157;157,12;203,14;168,28;144,91;151,35;205,94;158,47;167,79;164,4
19870301;187,54;176,13;138,33;157,14;157,25;203,92;168,15;144,91;151,5;205,96;158,68;168,14;164,7
19870401;187,52;175,37;140,68;157,86;157,48;203,94;168,18;144,91;151,42;207,19;159,07;168,51;165,1
19870501;187,03;175,36;141,07;158,2;157,63;204,2;167,93;144,91;152,04;207,29;159,66;168,67;165,2
19870601;186,4;175,95;139,47;158,31;158,16;204,32;166,98;144,91;151,9;206,99;159,88;168,48;164,9
19870701;193,44;175,96;137,55;159,42;159,08;205,5;170,74;145,23;152,04;208,93;160,43;169,85;166,9
19870801;195,14;175,95;137,26;160,01;160;205,32;173,36;145,23;151,77;211,11;160,53;170,52;167,8
19870901;196,18;176,68;141,89;160,39;161,64;206,58;176,46;145,23;153,45;212,95;161,3;172,07;169,4
19871001;196,15;177,37;146,24;161,1;162,57;206,82;175,81;145,23;154,26;214,08;162,38;172,91;170,1
19871101;196,5;177,4;146,78;162;162,85;206,96;175,89;145,23;154,94;214,94;163,02;173,32;170,7
19871201;196,54;177,54;146;161,95;163,44;207,38;175,61;145,23;155,57;215,11;163,54;173,45;170,7
19880101;197,31;177,58;139,07;166,03;163,62;211,25;176,21;148,14;155,61;218,02;164,23;174,28;171,6
19880201;198,91;179,25;138,53;166,62;164,89;211,98;179,41;152,76;156,11;218,97;167,42;175,90;172,9
19880301;199,86;179,27;140,03;166,75;166,24;212,31;181,16;152,76;156,5;220,73;168,22;176,71;173,7
19880401;200,74;183,86;143,21;167,97;167,46;212,42;182,77;156,21;157,34;220,9;169,49;178,40;175,2
19880501;199,73;184,2;142,86;169,49;167,69;212,56;184,37;156,21;158,08;222,26;169,94;178,85;175,8
19880601;199,79;190,98;141,24;170,1;168,15;213,06;183,4;156,54;158,58;224,04;170,6;179,68;176,3
19880701;202,46;191,3;138,12;170,94;169,42;214,82;185,29;156,54;158,91;225,46;171,06;180,39;177,1
19880801;203,26;191,19;138,23;171,35;170,52;215,09;185,14;156,54;158,88;227,24;171,03;180,77;177,5
19880901;203,75;192,31;143,66;171,67;171,58;214,95;188,43;156,54;158,64;230,51;171,63;182,15;178,8
19881001;205,05;192,26;148,93;172,95;171,84;215,32;189,02;156,54;160,01;231,63;172,4;183,27;180,2
19881101;205,42;192,24;148,95;172,93;172,07;215,82;188,94;156,54;161,39;232,64;173,57;183,68;180,5
19881201;205,75;192,17;148,13;173,43;171,97;216,82;190,16;156,54;161,6;234,6;174,01;184,11;180,9
19890101;208,81;191,82;140,64;178,58;173,54;228,44;192,61;162,4;162,35;236,48;175,06;186,43;183
19890201;209,98;192,99;140,25;178,91;174,57;228,89;195,73;162,78;162,86;238,17;177,51;187,51;184
19890301;211,39;193,42;141,63;179,26;175,31;229,35;196,21;162,78;163,51;240,13;178,43;188,31;184,7
19890401;211,52;196,68;144;181,15;175,83;229,37;200,6;162,78;163,94;240,39;179,29;189,60;186,5
19890501;212,31;196,6;144,01;182,23;176,62;229,46;201,53;162,78;164,9;242,92;179,22;190,23;187,3
19890601;212,5;208,88;142,8;182,45;177,31;229,63;200,39;163,21;165,48;244,75;179,74;191,56;187,9
19890701;213,52;209,72;138,83;183,93;177,59;236,79;198,77;165,28;165,16;243,06;180,05;192,06;187,9
19890801;214,83;209,71;140,84;184,24;178,67;237,27;198,74;165,28;165,24;248,29;181,15;193,11;188,7
19890901;215,53;210,19;145,46;184,78;179,88;237,77;201,85;165,79;166,92;248,45;182,09;194,43;190,2
19891001;216,63;211,26;151,83;185,78;180,36;240,48;203,3;165,79;168,29;251,17;182,78;196,15;191,8
19891101;216,78;211,32;150,6;186,63;180,72;240,72;202,48;165,79;170,07;252,36;182,71;196,38;192,2
19891201;217,33;211,14;150,68;187,88;182,01;241,8;202,56;165,79;170,5;254,29;184,32;197,12;192,8
19900101;223,07;214,72;138,13;198,83;182,46;243,11;212,37;176,36;171,11;281,42;187,23;202,62;199
19900201;223,37;215,25;138,58;199,17;182,68;243,76;213,84;176,91;171,88;283,55;188,78;203,43;199,9
19900301;224,48;215,27;142,93;209,66;184,47;243,01;227,02;176,91;172,27;283,25;189,02;206,21;205,4
19900401;224,39;215,46;144,88;211,47;184,14;242,53;227,08;176,91;172,74;283,25;189,87;206,61;205,2
19900501;226,72;229,02;144,57;211,7;185,05;244,05;226,56;177,82;172,95;284,74;190;208,47;206,4
19900601;226,48;229;141,87;210,85;186,18;244,15;227,97;177,82;173,42;285,68;191,03;208,59;206,2
19900701;231,59;234,72;138,45;212,03;187,69;253,32;230,5;177,82;175,02;288,28;191,4;210,98;208,2
19900801;231,5;234,55;140,63;212,62;189,96;254,12;235,23;177,82;174,63;294,73;193,63;212,67;209,6
19900901;231,65;234,7;147,15;213,48;191,03;253,9;242,33;177,82;177,3;295,37;195,52;214,57;212
19901001;233,28;235,2;153,81;213,93;191,24;254,02;243,19;177,82;178,4;296,48;195,96;215,76;213,4
19901101;234,63;235,37;152,04;216,34;191,56;254,12;241,96;177,82;179,61;297,12;195,85;216,04;214,1
19901201;234,39;235,4;149,39;217,45;193,04;255,72;239,29;177,82;179,49;297,09;196,09;215,92;213,9
19910101;237,87;237,85;137,55;228,4;193,69;284,7;248,76;215,16;180,8;305,37;209,66;225,44;218,9
19910201;237,59;238,02;138,11;249,62;195,64;286,54;249,79;215,16;181,09;306,12;210,01;227,97;225
19910301;238,47;237,99;144,69;249,03;195,78;286,36;250,08;215,16;181,59;306,89;209,46;228,68;225,8
19910401;238,5;238,46;148,78;250,89;197,67;286,18;249,84;215,16;182,38;306,56;212,41;229,71;227,1
19910501;238,82;238,51;147,66;251,76;198,69;286,13;250,49;216,65;181,61;306,53;212,18;229,91;227,3
19910601;240,19;238,46;144,28;250,58;199,25;285,88;251,33;216,65;181,93;307,54;210,43;229,68;227
19910701;242,84;238,35;138,82;251,76;197,63;297,4;248,35;216,65;183,02;309,32;211,15;230,48;227,1
19910801;240,5;238,32;137,18;251,63;199,65;297,96;249,26;216,65;182;312,47;212,14;230,71;226,7
19910901;238,31;238,23;156,6;252,26;200,27;297,7;252,29;216,65;182,75;312,15;213,87;232,83;229,2
19911001;238,01;240,35;157,88;254,03;200,85;298,21;252,05;216,38;184,15;311,19;214,46;233,41;230,1
19911101;241,1;240,51;158,06;254,4;200,94;298,27;252,89;218,49;186,08;310,84;215,44;234,27;231,1
19911201;237,96;240,35;154,66;257,18;200,63;299,59;251,04;218,49;186,73;310,51;215,18;233,85;230,8
19920101;228,69;239,74;142,2;265,47;199,87;308,39;252,76;218,44;186,91;305,16;214,68;232,94;230,2
19920201;228,53;239,79;143,59;265,42;200,19;308,48;253,01;218,44;186,48;304,33;214,66;232,99;230,3
19920301;228,86;239,74;149,82;265,55;200,87;308,78;253,86;218,44;187,47;305,19;215,34;233,99;231,3
19920401;227,96;239,76;153,13;265,86;200,83;308,96;255,22;218,44;187,58;304,23;217,35;234,48;231,9
19920501;229,17;240,13;151,71;266,56;200,99;309,29;254,81;218,44;187,58;303;217,61;234,48;232
19920601;229,78;240,9;143,08;267,48;200,75;309,41;255,24;219,2;187,19;302,32;216,31;233,79;231,5
19920701;227,2;240,92;140,02;267,69;200,21;342,63;252,99;229,79;187,58;300,92;217,01;237,00;231,2
19920801;226,51;240,66;139,57;268,9;201,15;342,75;252,28;229,79;187,14;302,53;217,99;237,21;231,3
19920901;224,89;240,94;157,88;274,09;201,71;342,81;253,44;231,13;186,89;303,43;216,76;239,45;234,6
19921001;224,99;240,13;159,19;274,94;200,95;343,29;254,56;231,11;187,27;300,89;217,74;239,55;235,1
19921101;222,47;239,76;155,6;273,06;200,31;343,14;255,19;232,74;188,01;301,67;217,78;239,07;234
19921201;223,47;263,19;150,98;271,87;199,93;344,38;258,22;233,04;188,62;302,75;217,31;241,25;234,9
19930101;229,53;264,39;138,94;284,83;200,07;365,9;280,32;233,7;189,87;302,65;216,76;246,09;241
19930201;229,97;265,79;139,86;284,39;201,77;366,59;282,08;234,12;191,07;302,59;218,79;247,00;241,6
19930301;230,62;265,66;145,72;284,31;203,51;370,9;283,42;234,49;191,25;301,32;219,55;248,25;242,7
19930401;229,73;264,12;147,04;286,38;203,43;371;286,91;235,63;191,99;300,57;220,01;248,80;243,7
19930501;229,57;265,66;146,72;284,34;203,33;370,79;286,78;235,98;191,86;301,38;219,7;248,74;243,1
19930601;228,57;266,74;142,12;283,85;204,41;372,24;284,84;236,47;192,04;302,29;220,12;248,52;242,3
19930701;229,06;266,92;136,56;283,6;204,39;376,48;285,33;236,47;191,89;300,81;221,03;248,41;241,9
19930801;228,61;268,64;139,36;283,6;204,19;375,17;283,91;236,47;192,64;300,87;222,05;248,68;242,3
19930901;227,41;268,64;159,27;283,65;204,57;375,66;285,28;236,47;192,55;302,11;223,03;250,79;244,5
19931001;226,9;269,06;161,67;284,75;205,17;375,83;283,81;236,47;195,23;302,26;223,55;251,34;245,2
19931101;225,68;268,9;160,36;284,56;206,45;378,04;286,8;233,47;196,04;302,32;222,9;251,41;245,3
19931201;226,06;268,93;158,29;283,38;205,53;378,73;284,53;233,15;195,03;302,68;222,66;250,82;244,3
19940101;226,35;277,08;145,83;287,71;205,61;390,1;285,23;236,83;196,34;303,56;222,4;252,46;245,1
19940201;229,65;277,46;145,7;287,43;206,08;390,83;286,8;236,83;197,38;303,53;222,44;253,10;245,9
19940301;229,4;277,65;153,92;287,46;206;391,02;286,75;239,19;197,32;302,77;224,85;254,21;246,8
19940401;230,59;277,89;156,77;288,25;206,47;391,29;288,94;239,19;197,13;304,74;224,45;255,06;247,8
19940501;231,78;278,64;157,55;288,96;206,14;391,44;290,02;239,19;197,09;303,29;224,5;255,33;248,3
19940601;232,5;278,96;154,11;289,13;206,06;391,82;292,39;239,91;196,81;303,02;224,36;255,37;248,4
19940701;235,65;279,02;146,6;289,87;205,69;391,98;292,44;239,91;197,28;302,86;225,34;255,15;248,4
19940801;236,3;278,91;146,1;290,21;206,47;392,36;292,59;239,98;195,91;305,16;223,88;255,26;248,5
19940901;236,59;279,18;162,2;290,86;207,33;412,24;291,65;239,98;196,6;306,1;225,01;258,89;250,7
19941001;234,39;279,55;166,07;291,48;207,71;413,08;291,1;239,98;197,32;304,13;225,45;259,11;251
19941101;233,49;279,58;163,98;291,54;208,16;413,54;291,53;240,45;197,98;305,07;224,61;259,08;250,8
19941201;232,44;279,53;161,95;291,11;208,28;413,5;290,48;237,91;198,61;308,06;225,03;258,81;250,4
19950101;231,94;286,75;147,74;294,97;207,04;429,07;294,46;236,54;199,07;313,91;225,5;260,64;251,3
19950201;233,9;288,09;149,74;294,68;208,72;428,66;295,33;241,17;200,18;313,94;225,39;261,80;252,3
19950301;235,76;288,17;154,17;294,94;210,4;429,07;295,79;240,54;200,4;315,02;225,64;262,72;253,3
19950401;237,03;287,89;157,27;297,29;211,1;428,41;299,37;240,07;200,6;316,87;226,04;263,81;255
19950501;239,97;288,42;156,49;297,35;211,27;434,08;297,3;238,09;200,36;316,78;226,58;264,24;255,3
19950601;239,05;289,01;154,3;297,37;211,64;434,62;298,5;237,81;199,93;316,29;226,02;264,05;255,1
19950701;237,99;289,26;146,72;297,43;212,76;460,29;299,19;244,02;198,97;315,48;226,81;266,27;254,8
19950801;236,82;289,12;145,76;296,33;216,1;460,66;298,21;242,73;199,31;319,15;228,22;266,58;254,5
19950901;236,73;289,04;163,22;295,87;216,76;461,33;299,69;242,84;199,99;319,8;228,4;268,52;256,2
19951001;234,79;292,27;166,08;297,03;217,07;461,49;299,16;243,13;201,04;320,01;228,6;269,15;256,9
19951101;232,79;292,36;164,18;296,77;217,99;461,53;300,82;244,21;202,25;320,97;229,55;269,40;256,8
19951201;232,24;292,33;162,54;296,19;218,09;461,74;299,02;239,83;201,39;320,97;229,48;268,53;256
19960101;217,68;295,07;145,36;305,56;217,84;464,56;300,48;255,71;202,47;324,28;228,73;268,89;255,6
19960201;217,88;295,27;145,7;305,38;218,56;465,66;301,77;257,47;202,79;324;229,26;269,43;255,8
19960301;220,92;295,15;153,63;304,91;219,58;465,38;302,75;255,3;202,73;324,32;228,78;270,31;257
19960401;221,5;295,33;157,48;304,7;220,43;464,47;305,36;254,54;202,27;324,99;229,69;270,98;257,6
19960501;221,39;297,63;158,45;303,17;220,49;463,69;305,69;248,34;202,83;325,44;230,7;270,71;257,3
19960601;221,22;297,97;155,02;302,37;219,84;462,86;302,69;248,32;202,35;325,66;232,38;270,06;256,3
19960701;223,76;298,29;146,58;301,54;219,97;468,27;302,93;249,68;201,84;323,19;231,51;269,78;255,7
19960801;221,09;298,09;146,17;300,36;220,19;467,49;300,66;251,59;200,44;325,38;231,53;269,36;254,5
19960901;218,58;298,35;160,89;301,16;220,1;470,65;302,81;249,93;200,36;326,43;232,45;271,06;256
19961001;217,22;298,38;163,79;301,31;220,15;483,11;302,87;248,15;199,39;326,27;232,86;272,14;255,9
19961101;215,12;298,41;163,18;300,42;219,69;483,07;303,41;249,66;200,22;326,43;232,26;271,99;255,3
19961201;215,95;298,35;160,55;299,51;218,91;483,07;304,28;247,51;199,94;326,53;232,56;271,56;254,9
19970101;216,34;301,1;150,23;301,36;218,14;510,51;303,05;247,81;199,01;326,8;233,54;273,44;254,6
19970201;217,09;304,98;145,43;300,61;218,6;511,14;304,59;245,16;199,96;326,12;234,03;273,43;254,2
19970301;216,77;311;155,31;300,02;218,93;511,33;304,99;248,28;199,61;327,09;234,77;275,28;255,2
19970401;219,43;317,36;158,69;300,67;219,39;511,48;304,68;250,78;199,73;327,75;234,98;276,81;257
19970501;221,06;317,92;158,95;299,81;219,39;511,62;304,78;245,16;200,38;327,68;235,56;276,57;257
19970601;222,74;319,74;156,08;300,79;219,54;511,53;304,93;244,17;199,88;327,78;235,45;276,60;257,4
19970701;223,72;320,43;147,41;301,45;218,82;512,69;306,47;241,32;198,83;325,63;236,08;275,71;257,3
19970801;222,56;326,16;147,92;301,06;217,44;512,3;309,78;240,11;198,01;327,39;236,03;276,25;257,4
19970901;222,31;339,93;167,17;300,44;219,35;512,3;309,54;248,06;198,31;328,46;236,56;280,22;259,8
19971001;221,06;345,36;169,91;299,84;219,46;525,42;307,75;248,88;198,61;329,44;236,66;282,04;259,6
19971101;219,69;348,11;167,78;299,42;219,46;525,47;307,48;250,9;198,07;329,6;238,05;282,18;259,2
19971201;219,54;349,69;165,64;299,27;219,19;525,52;307,41;246,7;199,21;331,4;237,82;281,94;259,1
19980101;220,01;347,68;148,12;297,59;217,66;519,85;305,34;251,92;198,27;330,37;239,78;279,69;256,9
19980201;220,32;348,03;144,5;296,81;218,34;520,43;305,8;250,37;198,63;330,3;240,49;279,46;256,6
19980301;220,5;347,99;153,68;296,1;219,17;520,96;304,39;249,01;198,22;329,01;241,02;280,00;257
19980401;222,62;348,2;156,58;295,98;219,02;521,43;304,82;248,74;198,08;331,23;243,07;280,89;257,7
19980501;224,2;348,85;157,65;295,75;219,32;521,22;304,45;253,7;198,25;332,06;242,45;281,63;258,1
19980601;224,94;348,79;150,89;295,42;219,63;521,43;305,77;251,77;197,62;331,66;242,88;280,98;257,6
19980701;225,71;348,37;145,93;295,01;219,11;521,01;306,94;253,79;195,94;330,9;241,76;280,41;257
19980801;225,05;322,35;147,28;294,12;219,5;520,9;305,53;255,49;194,89;331,49;242,93;278,14;255,7
19980901;222,14;322,42;163,45;293,7;220,55;521,06;304,45;254,48;196,28;334,51;243,45;279,68;256,8
19981001;222,07;322,66;166,84;293,32;219,94;520,85;305,68;259,34;196,89;335,27;243,86;280,61;257,3
19981101;222,31;322,59;165,81;292,43;219,91;521,01;304,79;256,43;195,56;335,87;244,05;280,07;256,7
19981201;222,36;322,56;164,93;291,39;219,76;521,53;303,04;257,69;196,44;335,37;244,5;279,96;256,2
19990101;225,71;328,52;148,59;291,52;218,29;563,42;303,75;261,74;196,45;337,27;243,87;283,56;256,2
19990201;225,91;328,48;146,98;291,23;219,37;562,38;302,99;264,16;196,72;339,76;244,42;283,85;256,3
19990301;226,62;328,55;156,72;290,44;219,39;561,39;305,47;264,21;196,53;338,78;244,72;284,80;257,3
19990401;226,67;328,61;160,2;289,88;219,61;562,54;307,78;259,42;197,45;340,23;246,54;285,36;257,9
19990501;227,8;329,56;159,7;289,65;219,54;569,32;309,66;258,51;197,56;342,21;247,78;286,48;258,3
19990601;228,16;330,08;157,95;289,59;219,85;610,06;310,23;256,24;197,35;341,47;247,39;289,85;258,7
19990701;225,69;330,35;149,55;289,56;219,74;608,96;312,27;255,96;197,68;334,89;247,39;288,37;257,6
19990801;225,64;330,18;148,54;289,48;219,59;608,81;313,81;255,59;196,15;340,09;247,76;288,69;257,6
19990901;224,8;331,29;166,47;289,53;220,33;608,86;313,9;254,84;197,17;343,04;247,9;290,74;259,4
19991001;225,22;331,55;170,55;289,36;220,4;609,38;313,39;253,02;197,33;343,41;247,37;291,00;259,7
19991101;224,93;331,52;167,64;289,18;220,31;609,48;311,99;251,09;196,55;342;247,68;290,22;259
19991201;224,53;331,78;167,01;289,56;220,7;609,07;315,75;250,52;197,76;341,84;248,12;290,60;259,6
20000101;223,84;333,05;147,59;290,17;218,64;621,52;315,41;243,97;195,33;342,79;253,18;289,59;257,5
20000201;225,89;333,18;147,52;291,06;219,81;622,25;319,12;241,48;196,79;343,51;253,21;290,35;258,7
20000301;226,05;333,28;156,28;291,64;218,62;624,5;324,29;233,61;196,85;343,2;253;291,03;259,9
20000401;226,16;333,61;160,45;291,33;219,01;626,75;318,65;232,68;196,4;344,57;253,73;291,21;260
20000501;227,32;334,41;162,71;291,09;219,63;629,97;325,61;231,99;196,93;345,11;253,86;292,60;261,3
20000601;227,28;335,07;158,61;291,41;220,16;629,85;328,57;232,02;195,43;346,72;254,61;292,70;261,2
20000701;226,45;335,93;151,76;291,67;218,68;632,1;326,9;229,52;194,1;343,78;254,92;291,44;260
20000801;226,47;336,26;153,62;292,11;220,64;633,25;325,01;222,56;194,76;345,46;255,04;291,38;260,2
20000901;225,96;336,89;165,52;292,86;221,1;634,89;328,66;222,83;195,33;347,3;254,99;293,30;262
20001001;225,49;337,36;168,14;293,49;221,24;636,17;327,4;225,12;196,6;346,82;256,2;294,00;262,6
20001101;225,09;337,46;167,31;294,04;221,68;636,35;326,21;226,44;197,34;348,71;256,68;294,30;262,7
20001201;225,8;337,69;166,5;294,65;221,83;638,05;319,91;225,78;198,16;349,77;257,48;294,15;262,5
20010101;225,11;338,17;145,6;300,04;220,42;640,85;322,19;222,54;197,24;350,5;260,51;293,02;261,7
20010201;226,3;338,1;147,17;300,99;221,94;642,57;324,74;222,25;196,28;351,52;262,09;294,00;262,6
20010301;228,64;338,3;159,5;301,37;223,11;649,57;322,41;231,07;196,34;352,18;262,14;296,78;264,6
20010401;231,1;338,37;164,62;303,41;223,33;659;327,64;231,14;196,83;353,55;263,27;299,30;266,9
20010501;234,9;338,84;164,84;303,94;224,92;661,86;334,02;232,14;197,36;354,39;264,28;301,04;268,7
20010601;234;339,28;161,84;304,95;225,17;662,63;329,24;232;199,07;355,09;264;300,66;268,3
20010701;233,93;340,06;150,73;306,51;224,39;662,69;323,88;232,47;199,09;354,18;264,05;299,27;266,9
20010801;234,22;340,36;154,64;307,31;225,94;661,93;323,43;232,47;197,5;357,26;265,24;300,03;267,6
20010901;234,18;341,47;174,38;305,09;226,03;668,04;327,29;231,98;198,11;361,66;266,14;303,12;269,9
20011001;236,18;341,51;176,3;303,23;226,09;669,69;319,29;232,18;198,28;360,93;268,47;302,92;269,1
20011101;234,74;341,71;177,62;303,44;227,33;671,92;317,75;232,14;198,34;364,67;269,37;303,55;269,2
20011201;236,38;336,31;178,08;303,26;228,61;670,9;316,64;232,09;199,93;363,66;269,63;303,23;269,5
20020101;240,84;338,7;152,32;308,32;226,56;678,77;319,3;229,94;196,34;364,36;272,19;302,51;268,8
20020201;239,64;339,94;155,65;308,48;227,97;679,51;320,89;230,08;197,03;365,52;272,33;303,37;269,4
20020301;242,82;340,71;164,25;308,9;228,27;684,8;326,53;229,97;196,75;368,43;274,15;305,96;271,8
20020401;241,43;340,88;166,3;311,2;228,95;684,4;331,22;229,83;196,3;370,03;275,74;306,93;272,9
20020501;241,15;341,89;167,5;312,23;229,09;686,68;331,98;229,44;197,49;370,68;275,82;307,63;273,6
20020601;240,09;342,29;164,46;312,51;228,59;687,02;329,8;227,63;198,98;371,3;276,49;307,20;273,2
20020701;240,06;342,97;152,69;313,23;227,7;682,26;330,53;226,71;199,55;367,99;278,64;305,67;272,3
20020801;240,65;343,17;155,52;312,78;229,45;683,86;330,72;226,58;196,87;371,81;279,07;306,41;272,4
20020901;239,9;343,67;170,28;313,45;229,29;690,77;333,6;226,26;197,27;374,1;279,42;308,91;274,5
20021001;239,66;343,67;174,71;314,11;230,53;690,57;333,03;225,98;198,78;374,86;280,61;309,68;275,4
20021101;236,71;343,81;175,22;315,08;231;690,5;327,7;225,84;198,46;374,97;282,09;309,22;274,7
20021201;237,28;344,61;174,71;314,63;230,73;692,78;329,38;225,82;199,95;374,31;282,06;309,66;275,1
20030101;238,46;344,55;154,98;324,48;228,83;699,38;333,49;228,09;197,96;376,37;283,97;310,05;276
20030201;240,52;344,62;156,88;328,82;231,57;702,5;338,94;226,77;197,9;377,42;285,09;311,91;278,4
20030301;242,22;344,93;166,13;328,95;231,73;703,67;339,83;226,34;198,14;378,58;285,23;313,25;279,8
20030401;241,37;346,3;168,91;327,62;232,77;705,06;332,66;225,89;197,07;379,48;285,35;312,95;278,8
20030501;239,83;347,82;170,09;327,69;231,89;702,5;331,38;225,94;196,65;379,52;285,82;312,65;278,5
20030601;240,02;348,23;163,09;325,39;231,57;704,37;332,96;223,97;198,62;380,27;285,68;312,20;277,7
20030701;241,3;348,27;153,36;323,66;230,95;705,68;335,59;222,74;199;377,91;287,45;311,45;276,8
20030801;241,89;348,54;153,04;323,15;231,5;705,75;337,03;223,02;196,61;382,51;287,17;311,84;276,7
20030901;242,86;348,51;170,79;323,85;232,03;705,96;332,8;223,63;198,02;384,27;287,06;313,62;278,7
20031001;241,65;348,2;172,78;324,22;232,37;707,48;335,16;223,31;196,35;384,76;288,6;314,08;278,9
20031101;239,36;348,61;172,74;325,04;232,35;710,11;332,63;222,54;195,59;384,84;288,46;313,84;278,3
20031201;239,95;348,89;171,04;324,82;231,71;711,63;333,58;221,25;197,29;385,51;288,97;314,06;278,6
20040101;240,44;348,71;150,57;329,92;229,58;724,24;338,65;218,57;194,54;385,63;292,14;313,91;278
20040201;240,08;349,06;150,68;328,33;228,88;725,8;337,19;217,77;194,22;385,32;293,19;313,68;277,3
20040301;241,66;349,13;162,24;327,68;229,79;729,63;344,7;215,7;194,01;385,9;293,42;315,81;279,4
20040401;240,99;349,17;165,43;325,86;230,06;730,34;346,57;215,12;194,03;386,48;294,03;316,19;279,4
20040501;241,06;349,55;165,74;325,28;229,6;732,62;352,94;214,72;194,26;387,09;294,99;317,08;280,1
20040601;240,48;349,59;158,78;324,92;229,76;732,54;347,1;214,24;195,91;386,94;295,31;315,96;278,9
20040701;240,29;349,66;148,04;324,98;226,99;732,33;353,38;213,57;196,34;387,79;296,44;315,44;278,5
20040801;240,01;349,76;148,16;325,63;227,77;734,96;351,31;213,31;194,36;389,83;296,18;315,57;278,2
20040901;239,31;349,83;170,51;325,57;228,42;733,54;348,87;212,58;194,68;391,25;297,25;317,44;280,2
20041001;238,67;349,55;173,54;325,57;228,75;734,89;354,61;214,66;193,87;391,99;296,96;318,46;281
20041101;236,42;349,48;171,84;325,47;228,84;735,6;346,97;212,8;193,01;392,06;297,14;317,24;279,4
20041201;237,45;348,85;171,04;324,6;228,68;737,16;345,47;212,25;194,3;393,06;297,72;317,33;279,4
20050101;238,34;349,68;147,87;327,04;227,05;747,98;348,6;208,48;191,77;394,36;301,46;316,60;277,9
20050201;242,82;349,78;149,2;326,87;227,05;748,83;352,51;206,61;192,44;394,65;302,1;317,53;279,2
20050301;239,84;349,87;157,31;327;226,93;748,69;355,56;204,76;192,05;395,02;302,54;318,14;279,8
20050401;238,74;350,01;161,38;327,73;226,89;747,81;359,26;203,15;190;396,27;302,11;318,49;280,2
20050501;239,98;350,4;161,58;327,47;226,71;748,46;358,55;204,45;189,77;398,2;302,55;318,92;280,3
20050601;238,68;351,12;156,61;327,33;225,44;748,26;363,65;201,74;191,97;397,96;303,35;318,74;280,4
20050701;237,42;352,24;145,25;326,26;224,07;748,69;370,28;200,02;192,18;393,36;303,71;317,59;279,4
20050801;236,97;352,84;149,69;326,69;225,64;748,69;371,63;199,23;190,37;396,44;304,68;318,44;279,9
20050901;236,57;353,03;169,97;326,96;225,82;749,23;370,45;197,92;190,42;399,93;305,31;320,51;281,9
20051001;235,89;353,14;173,16;327,49;226,5;749,34;369,36;197,04;190,88;400,33;309,7;321,17;282,4
20051101;235,94;353,15;172,79;328,25;225,58;750,01;362,46;196,41;190,39;401,68;310,64;320,66;281,7
20051201;235,94;353,35;170,32;328,76;224,4;749,16;363,84;195,36;191,39;401,23;311,65;320,49;281,8
20060101;236,96;354,1;150,78;330,25;219,27;752,13;366,47;194,68;186,46;402,34;314,46;318,90;279,59
20060201;238,58;355,62;154,35;332,8;220,82;752,76;363,06;193,74;187,94;404,37;314,08;319,83;280,9
20060301;238,72;355,29;166,06;335,29;221,41;751,46;366,34;192,9;186,53;406,44;315,06;321,41;282,89
20060401;238,29;355,65;169,96;336,42;221,08;751,31;373,83;191,38;186,87;406,31;316,22;322,48;284,32
20060501;242,1;356,29;167,57;336,48;220,95;752,67;374,49;188,23;187,28;406,27;317,25;322,69;284,76
20060601;239,78;356,48;162,42;336,79;219,66;752,89;376,31;189,44;189,95;406,94;317,87;322,59;284,68
20060701;241,1;357,45;150,64;339,34;219,37;748,73;376,41;186,25;190,39;405,35;317,69;321,16;284,19
20060801;240,76;355,6;154,63;341,1;218,67;752,12;373,62;185,05;188,94;406,65;318,61;321,43;284,38
20060901;241,79;356,21;173,04;343,79;220,01;754,2;362,61;184,47;189,07;407,98;319,18;322,94;286,04
20061001;240,25;357,01;176,06;342,67;220,43;751,67;361,9;186,45;189,68;410,17;319,28;323,23;286,07
20061101;240,69;358,49;176;345,43;221,01;754,05;359,37;183,78;188,81;411,71;319,1;323,49;286,43
20061201;239,91;358,92;174,58;344,71;220,41;753,23;361,56;181,1;190,55;411,68;320,11;323,34;286,43
20070101;242;375,1;154,54;347,7;219,92;763,12;357,77;181,31;187,4;414,78;321,23;324,08;285,01
20070201;242,21;379,63;157,25;348,06;220,08;764,74;363,2;183,05;188,68;413,95;321,5;325,67;286,45
20070301;242,83;380,21;167,84;348,12;222,16;766,37;369,72;183,26;187,03;415,67;322,33;327,78;288,33
20070401;244,93;381,86;172,82;349,54;221,69;769,54;373,3;182,83;186,01;416,6;323,1;329,29;289,79
20070501;242,75;382,24;173,65;348,43;222,67;769,81;373,36;183,45;186,06;419,41;322,7;329,50;289,48
20070601;242,31;382,59;169,31;349,02;222,58;770,13;376,28;182,67;188,78;420,32;323,01;329,73;289,95
20070701;244,47;382,91;155,09;350,68;219,54;772,95;375,47;182,54;190,06;417,29;331,07;329,28;289,49
20070801;244,34;382,95;156,92;351,57;220,65;777,9;372,11;182,73;187,24;424,13;331,24;330,16;289,41
20070901;243,8;384,81;175,48;355;220,31;778,85;373;182,14;188,02;423,87;332,71;332,54;292,3
20071001;246,76;385,91;181,34;356,6;222,1;778,29;372,98;181,42;187,89;425,32;332,29;333,72;293,85
20071101;249,49;386,17;180,93;360,61;222,55;779,57;379,13;180,32;187,29;425,76;332,36;334,93;295,75
20071201;251,4;387,13;178,58;362,9;221,25;780,58;378,76;177,48;188,69;424,86;331,86;334,86;296,32
20080101;254,85;404,22;151,43;364,79;218,6;777,71;381,94;177,62;182,26;432,05;329,6;334,10;294,09
20080201;256,48;407,26;154,61;365,75;219,54;778,42;384,05;175,01;182,76;432,66;331,09;335,24;295,28
20080301;259,4;408,37;167,22;368,27;220,63;779;386,89;176,66;182,06;436,79;331,78;337,92;298,08
20080401;260,77;411,77;169,96;370,88;221,13;780,46;389,55;175,96;180,78;438,31;331,81;339,22;299,67
20080501;261,96;412,64;170,6;371,21;222,82;781,84;394,72;174,98;180,79;441,32;332,54;340,49;300,99
20080601;261,74;413,54;166,33;375,59;221,39;781,86;400,05;173,6;182,67;442,75;333,02;341,14;302,45
20080701;263,95;413,65;151,07;380,82;219,63;747,21;398,28;173,47;182,79;441,98;333,97;336,98;302,11
20080801;262,54;414,06;160,1;382,86;222,74;746;392,69;172,74;181,38;445,47;333,42;337,64;301,98
20080901;263,16;414,27;178,66;387,14;223,13;745,42;392,06;172,42;182,29;449,77;333,95;340,21;305,08
20081001;264,27;415,66;179,95;392,34;224,1;746,1;380,98;170,05;183,32;450,98;334,36;340,19;305,56
20081101;264,79;415,64;178,57;387,38;224,74;746,42;369,82;169,64;182,51;450,83;334,7;338,64;303,06
20081201;266,36;415,72;174,12;370,21;224,57;746,69;367,12;169,54;183,78;451,09;334,73;336,72;298,99
20090101;268,74;416,4;155,23;372,83;222,6;764,4;371;168,43;181,24;450,13;335,26;336,93;297,88
20090201;270,27;416,85;157,03;366,18;223,18;765,55;376,64;167,59;182,91;452,13;336,82;337,74;297,95
20090301;271,13;417,26;168,63;363,07;224,22;765,92;379,61;166,63;181,99;453,22;338,29;339,09;298,8
20090401;270,57;421,52;171,17;361,8;224,88;766,05;383,19;167,52;181,98;451,31;339,32;339,94;299,26
20090501;269,78;421,98;170,45;354,37;226,42;766,8;389,55;167,37;182,66;453,94;339,17;340,23;299,45
20090601;269,13;422,87;162,24;355,51;225,72;766,65;397,66;168,47;184,03;455,5;340,63;340,76;300,17
20090701;269,71;426,12;156,74;351,58;226,68;767,68;393,98;169,05;185;454,28;340,56;340,13;298,8
20090801;269,33;426,68;162,39;351,8;227,8;766,38;396,53;168,93;182,75;456,8;341,64;341,00;299,42
20090901;267,48;426,72;181,2;349,96;226,94;768,64;392,29;168,97;183,3;460,34;343,41;342,66;300,35
20091001;268,3;429,77;183,65;349,17;227,78;773,49;393,95;168,99;184,18;461,07;342,87;343,93;301,11
20091101;268,31;429,82;182,44;348,45;226,28;779,71;396,34;167,52;183,57;462,89;344,46;344,53;301,03
20091201;268,32;429,84;181,34;350,13;226,79;781,35;397,06;166,75;184,94;463,57;344,6;344,97;301,69
20100101;272,48;424,89;163,62;351,22;223,18;791,64;399,03;165,39;181,03;462,98;344,89;343,67;299,79
20100201;273,14;425,56;165,72;354,48;225,53;790,37;400,98;164,91;182,08;466,55;345,83;345,01;301,59
20100301;274,15;426;174,63;351,23;226,07;791,25;404,34;165,4;181,51;467,62;346,76;346,27;302,32
20100401;274,02;426,36;174,67;349,69;226,19;791,13;407,21;164,95;181,68;468,42;347,63;346,54;302,36
20100501;272,74;426,83;177,14;351,32;226,04;792,49;407,6;165,31;181,59;469,53;348,4;347,18;302,92
20100601;272,44;429,38;172,34;352,96;224,83;792,55;407,06;164,03;182,51;472,34;349,48;347,27;302,97
20100701;271,96;429,65;161,26;354,71;223,35;794,73;405,18;164,99;183,22;469,18;350,46;346,24;302,04
20100801;272,51;430,17;162,63;355,17;224,38;795,36;403,2;166,02;181,82;469,88;350,21;346,49;302,06
20100901;272,53;430,53;181,96;357,98;222,49;795,78;402,76;165,16;182,05;473,77;351,07;348,73;304,6
20101001;272,39;430,3;185,65;358,86;223,02;796,84;405,08;165,03;182,12;474,79;352,94;349,73;305,57
20101101;274,07;430,12;185,38;362,12;223,39;797,61;405,57;165;181,66;476,2;352,83;350,36;306,58
20101201;275,44;430,33;184,91;368,66;223,29;797,17;410,35;164,08;182,31;475,41;352,99;351,36;308,73
20110101;274,97;430,33;167,18;376,42;219,99;805,54;407,94;161,91;179,12;475,3;350,45;349,92;306,15
20110201;277,53;430,71;166,69;378,5;222,71;806,4;411,83;161,99;180,34;478,55;351,9;351,56;308,02
20110301;277,81;430,44;175,86;383,3;221,98;807,72;414,95;161,67;179,42;479,4;351,99;353,14;310,11
20110401;277,63;430,88;178,63;383,98;222,33;807,25;424,47;162,65;178,46;479,82;353,64;354,52;311,44
20110501;276,79;430,94;180,74;386,5;223,06;807,61;420,51;162,42;179,09;484,42;353,36;355,04;312,02
20110601;275,91;433,16;173,62;386,61;222,21;807,09;420,58;161,61;180,1;483,38;352,29;354,23;311,28
20110701;277,11;434,07;161,53;387,82;222,24;807,5;422,58;161,32;181,56;482,95;353,65;353,85;311,13
20110801;277,65;434,2;168,13;389,28;222,19;807,09;416,65;161,34;179,62;485,14;352,61;353,99;311,23
20110901;275,77;434,2;188,58;388,89;224;808,26;418,5;160,76;180,09;489,04;353,35;356,49;313,41
20111001;275,76;434,52;189,6;390,13;223,09;808,2;417,38;160,06;179,87;487,16;352,74;356,23;313,42
20111101;275,67;434,36;187,19;393,86;224,31;808,91;415,98;161,99;179,36;488,91;354,79;356,85;314,16
20111201;277,18;434,29;184,67;395,11;223,49;807,12;417,82;163,32;179,9;489,63;355,44;357,09;314,78
20120101;277,91;439,51;159,78;396,28;221,49;827,99;417,62;162,66;175,42;482,3;358,9;356,35;311,85
20120201;280,38;449,64;162,92;397,69;223,14;828,49;422,42;161,89;176,4;482,45;359,33;358,61;313,92
20120301;281,21;452,35;173,88;393,94;223,43;827,1;427,63;161,41;175,39;484,39;360,59;360,12;314,8
20120401;279,29;453,65;180,32;394,3;222,84;827,91;432,85;160,72;174,37;482,65;361,81;360,97;315,49
20120501;280,45;454,02;180,77;393,16;223,77;830,61;426,7;160,81;174,89;485,99;362,62;361,25;315,23
20120601;282,82;454,01;173,25;393,14;221,97;831,89;424,52;158,23;175,79;485,15;361,84;360,24;314,45
20120701;281,59;454,22;162,83;391,22;221,14;832;428,54;157,36;176,71;482,64;362,07;359,12;313,23
20120801;281,06;454,29;168,66;392,48;220,95;831,45;427,15;156,6;174,67;487,31;362,36;359,73;313,55
20120901;280,1;454,32;184,55;389,32;221,57;832,43;429,92;156,23;175,66;487,53;362,81;361,31;314,81
20121001;280,73;454,69;186;387,5;219,49;832,43;425,63;156,94;177,68;488,77;363,11;361,18;314,59
20121101;281,11;454,88;186,28;387,14;219,66;831,55;420,02;157,34;175,97;490,88;363,91;360,79;313,82
20121201;282,41;454,74;184,35;388,65;219,1;829,68;425;156,43;176,23;490,72;364,3;361,06;314,61
20130101;284,4;456,95;161,9;391,39;215,9;841,84;419,26;155,82;173,52;490,38;363,61;359,54;312
20130201;285,6;457,8;167,64;390,2;215,62;842,74;423,73;156,15;175,16;491,57;364,04;360,93;313,39
20130301;286,05;458,31;179,68;390,23;216,59;843,96;423,06;157,03;174,8;492,25;364,34;362,39;314,65
20130401;287,27;458,34;180,05;390,35;215,26;844,1;419,29;156,8;173,33;492,19;363,74;361,88;314,03
20130501;288,98;458,38;178,85;389,03;218,51;846,69;420,37;156,06;173,4;496,46;365,84;362,96;314,54
20130601;289,4;458,73;171,62;387,21;216,93;847,58;423,69;154,91;175,03;496,22;364,78;362,37;313,99
20130701;290,03;459,31;158,97;387,34;215,89;848,37;427,59;154,41;176,06;497,04;365,44;361,86;313,55
20130801;287,79;459,29;173,33;387,86;216,36;848,08;422,96;155,93;173,92;496,98;365,1;362,51;313,84
20130901;287,79;460,39;185,09;389,15;215,64;847,46;420,95;154,86;174,25;497,73;366,25;363,60;315,05
20131001;285,31;460,82;187,23;388,41;214,86;847,23;417,72;154,52;175,04;496,08;366,13;363,03;314,4
20131101;285,54;460,6;187,01;389,06;216,21;846,32;415,78;155,25;173,29;495,89;367,86;362,98;314,2
20131201;285,32;460,06;186,41;388,18;215,97;848,02;424,37;151,92;175,09;496,87;368,38;363,69;315,04
20140101;285,32;466,93;165,83;388,5;213,85;849,37;412,63;152,07;172,8;493,6;368,14;360,82;311,39
20140201;287,23;466,25;172,32;387,33;214,97;851,19;415,75;151,63;173,7;494,83;368,63;362,17;312,7
20140301;286,5;465,36;177,05;386,72;215,28;850,36;415,95;151,14;172,29;495,78;369,9;362,39;312,68
20140401;286,12;465,53;181,87;386,7;214,73;850,67;425,41;152,14;171,48;495,5;369,92;363,64;313,89
20140501;287,68;465,22;180,68;387,83;214,95;850,3;419,58;151,75;172,35;500,96;370,06;363,76;314,05
20140601;288,45;464,55;176,25;386,88;214,57;849,9;426,88;152,26;174,48;499,8;370,1;364,01;314,7
20140701;290,86;465,13;162,8;385,14;213,74;851,01;428,54;151,45;175,68;497,91;369,55;362,89;313,67
20140801;289,36;465,38;171,56;384,96;213,8;851,81;424,07;150,52;173,33;501,81;369,02;363,24;313,35
20140901;287,51;465,7;183,32;384,81;213,21;846,99;420,79;151,8;173,43;502,67;369,08;363,57;313,85
20141001;288,6;465,78;184,23;383,61;214,9;852,93;418,39;151,16;174,15;503,51;370,23;364,32;314,02
20141101;289,16;465,86;186,19;383,14;215,47;850,45;413;150,97;173,24;504,86;371,39;363,98;313,56
20141201;289,47;466,48;185,76;382,59;214,34;849,44;416,37;150,57;174,89;504,4;371,75;364,19;314,05
20150101;289,51;482,42;166,05;383,22;211,75;849,71;403,42;148,68;172,65;503,54;372,53;362,13;310,75
20150201;291,97;478,96;173,44;381,79;213,37;851,38;414,24;148,67;173,25;507,26;372,57;364,26;312,93
20150301;292,28;481,89;179,16;381,08;214,75;852,61;415,7;147,45;170,81;508,39;373,67;365,25;313,19
20150401;293,79;483,41;181,39;378,18;213,91;852,69;419,92;147,28;169,59;509,85;373,18;365,74;313,16
20150501;295,92;483,51;181,81;376,8;213,93;851,74;423,87;146,11;172,16;511,3;374,86;366,55;314,24
20150601;294,26;484,46;173,2;374,08;212,43;851,52;428,16;141,67;174,8;513,5;374,96;365,73;313,33
20150701;296,87;484,58;165,53;371,17;212,71;854,23;433,63;141,51;176,87;512,46;375,31;365,90;313,43
20150801;297,19;484,78;174,75;371,85;213,67;854,13;420,57;140,82;174,36;515,01;376,01;365,74;312,81
20150901;296,53;486,5;186,7;372,65;215,81;852,04;416,54;140,57;175,32;517,22;376,29;366,92;314,06
20151001;297,41;486,74;188,57;372,87;214,45;851,17;415,2;140,07;176,22;516,42;376,21;366,85;314,29
20151101;296,18;486,54;190,72;373,93;214,73;850,63;411,08;139,62;174,26;517,59;376,89;366,56;313,75
20151201;294,89;486,59;189,77;372,26;215,07;851,06;416,55;139,9;175,82;520,32;377,77;367,27;314,21
20160101;295,87;487,49;169,91;379,31;214,52;854,13;413,08;139,1;173,28;517,56;381,63;365,99;313,13
20160201;296,77;488,14;179,28;377,1;216,51;856,04;410,83;138,9;175,01;518,4;382,97;367,27;314,14
20160301;298,15;489,46;186,98;377,5;215,78;856,59;419,88;138,58;173,23;519,13;383,41;368,97;315,7
20160401;298,43;489,92;187,98;376,4;216,03;857,39;418,11;139,43;173,57;519,64;383,66;369,14;315,64
20160501;298,61;489,96;188,04;376,4;216,37;857,06;421,66;138,57;173,97;521,45;384,56;369,70;316,21
20160601;295,89;490,43;178,42;378,81;215,94;854,23;428,08;136,51;176,24;524,31;386,45;369,57;316,54
20160701;299,7;491,53;171,24;378,12;214,9;854,77;431,97;136,17;177,18;525,61;383,65;369,53;316,73
20160801;298,31;491,62;184,98;378,64;214,66;855,24;420,37;136,28;175,02;526,63;384,7;369,68;316,38
20160901;296,77;492,19;192,96;379,3;215,17;854,5;418,72;133,44;175,23;530,55;384,78;370,33;316,91
20161001;298,08;492,33;193,95;380,99;215,78;855,5;421,23;133,17;175,77;529,3;386,39;371,14;318
20161101;297,92;492,89;194,78;383,43;215,25;855,64;419,41;132,91;174,73;530,96;385,12;371,19;318,1
20161201;299,59;493,01;195,34;382,11;215,13;853,65;431,31;132,96;175,47;532,97;387,47;372,64;319,68
20170101;300,9;496,56;173,7;386,46;213,17;857,47;428,62;129,75;173,5;530,33;387,01;370,68;317,5
20170201;302,88;496,77;180,58;387,01;215,12;859,1;430,84;130,01;175,68;534,99;387,94;372,81;319,73
20170301;302,93;497,79;186,17;386,44;214,85;861,14;427,42;129,7;173,57;536,82;391,56;373,49;319,68
20170401;302,76;498,77;187,97;385,78;217,15;860,52;439,11;129,38;174,9;535,58;394,64;375,14;321,54
20170501;303,02;499,06;188,81;386,32;215,14;860,06;431,77;129,93;176,66;545,45;395,68;375,63;321,74
20170601;302,69;499,79;179,28;385,28;215,32;860,69;435,51;129,58;180,45;543,62;399,25;375,59;321,97
20170701;306,02;500,35;171,03;388,36;214,34;862,36;441,12;129,01;184,97;542,35;398,88;376,25;323,69
20170801;305,88;500,23;181,71;389,39;215,48;861,9;432,33;129,08;179,91;545,42;400,76;376,55;323,18
20170901;304,64;500,99;190,58;391,01;214,17;857,29;431,27;128,57;178,15;549,87;400,42;377,00;323,62
20171001;305,41;501,59;190,2;390,15;213,84;854,51;430,01;129,35;178,23;549,95;399,56;376,62;323,38
20171101;305,43;501,54;193,38;392,29;214;861,27;431,92;129,05;176,7;549,87;399,62;377,73;324,04
20171201;308,13;501,31;194,47;392,3;214,7;860,01;437;128,8;177,35;549,85;399,46;378,49;325,23
20180101;307,84;501,5;171,32;396,18;213,06;856,56;431,3;127,1;175,64;550,26;400,19;375,54;322,51
20180201;308,38;501,89;182,86;398,56;216,54;860,61;432,46;127,29;175,92;552,47;401,89;378,08;324,87
20180301;309,12;504,38;187,13;400,76;215,63;857,61;434,81;127,25;174,6;553,6;402,3;378,84;325,76
20180401;310,39;505,53;188,14;399,04;216,62;860,28;440,12;126,53;177,35;555,6;403,24;380,26;327,1
20180501;312,36;506,59;189,28;397,48;215,58;868,34;442,96;126,05;177,72;559,81;404,15;381,85;327,86
20180601;309,9;506,64;180,41;400,71;215,41;865,85;447,79;125,97;181,45;560,65;404,38;381,74;328,62
20180701;313,86;506,97;168,54;404,24;215,35;859,68;456,51;125,37;186,25;555,74;403,26;381,43;330,33
20180801;312,6;507,14;177,17;405,96;217,26;859,84;448,6;125,75;179,98;562,41;404,51;381,93;329,63
20180901;314,09;509,26;189,4;406,31;217,26;849,76;447,45;124,09;181;565,85;405,66;382,74;331,14
20181001;312,57;509,31;190,17;406,3;217,31;851,24;448,42;123,1;179,61;564,49;406,42;382,63;330,72
20181101;312,18;509,46;193,37;409,01;216,47;846,48;442,04;121,74;178,42;567,38;405,9;382,04;330,4
20181201;314,09;509,24;195,03;409,84;216,83;844,8;447,82;120,94;180,04;565,1;407,09;382,80;331,87
20190101;312,87;509,9;171,88;415,02;214,99;858,85;438,49;119,03;176,59;558,45;410,98;380,64;328,56
20190201;316,85;510,72;179,24;415,07;216,87;873,41;444,02;118,41;175,99;563,76;413,47;384,35;331,02
20190301;319,14;514,04;182,41;414,15;218,68;877,41;445,44;117,12;175,44;565,49;413,82;385,74;331,79
20190401;318,62;514,42;185,34;414,64;218,28;878,99;461,3;117,68;176,72;567,4;413,37;387,89;334,11
20190501;318,87;516,02;188,88;413,88;219,73;882,56;459,11;117,12;177,97;577,16;413,14;389,49;334,95
20190601;319,21;516,08;178,81;410,19;220,64;883,98;460,33;115,71;182,48;577,75;413,58;388,98;334,47
20190701;325,89;516,36;167,74;413,92;218,67;840,52;468,15;115,33;186,66;573,48;412,83;385,41;335,8
20190801;323,01;516,62;174,69;414,91;217,94;847,84;459,77;115,3;181,06;575,24;414,91;385,57;334,39
20190901;322,68;519,01;186,54;415,06;220,19;855,78;457,01;115,33;180,64;582,05;418;388,39;335,95
20191001;321,08;518,99;186,92;414,85;219,24;864,66;459,86;115,91;180,55;581,46;417,59;389,19;336,04
20191101;322,03;519,08;190,77;417,43;220,31;868,95;457,24;115,44;177,67;583,56;417,55;390,00;336,36
20191201;322,08;518,94;192,18;416,33;220,65;869,1;467,31;115,22;179,74;581,56;417,22;390,94;337,68
20200101;320,53;519,21;168,81;413,68;217,41;882,19;460,63;111,52;176,23;576,79;419,94;387,90;332,82
20200201;324,79;519,8;173,31;412,61;221,81;888,31;460,38;111;177,06;579,55;421,7;390,03;334,47
20200301;327,21;522,75;180,24;411,74;219,52;892,76;454,82;110,99;173,97;578,8;422,14;390,45;333,91
20200401;329,9;523,3;178,21;409,64;222,24;892,75;448,96;108,84;173,86;571,15;422,86;389,25;332,9
20200501;331,23;524,94;182,62;411,07;222,1;896,04;449,74;110,28;176,23;577,33;424,42;391,45;334,91
20200601;327,59;525,89;180,88;413,75;222,62;901,44;463,34;110,36;179,59;575,74;423,54;393,16;336,84
20200701;330,98;526,34;173,67;410,49;221,8;856,97;477,1;110,48;182,87;576,77;423,35;390,07;337,57
20200801;329,54;526,09;176,04;417,28;222,23;865,91;463,12;109,98;178,82;578,44;427,85;390,48;337,07
20200901;325,58;527,42;187,88;418,2;223,81;872,3;460,76;110,01;176,35;581,35;427,98;391,97;337,27
20201001;325,8;527,66;189,25;414,54;224,19;874,12;462,08;109,68;176,99;580,06;428,49;392,08;336,97
20201101;325,74;527,93;191,19;416,77;224,81;877,56;458,27;108,52;176,22;580,85;427,39;392,30;337
20201201;325,3;528,78;192,42;419,34;224,68;884,39;469,45;108,64;178,97;579,54;428,61;394,56;339,34
20210101;326,63;528,63;175,43;424,4;222,68;886,77;468,19;108;175,37;579,01;430,82;393,27;338,09
20210201;325,24;529,04;180,91;425,34;222,72;889,28;471,06;107,94;176,01;581,75;430,8;394,55;339,01
20210301;326,97;530,35;188,21;422,75;223,06;879,04;477,31;107,56;175,13;581,56;430,81;394,80;339,54
20210401;328,16;530,97;191,08;421,31;223,93;888,22;478,28;107,02;176,72;582,34;432,25;396,39;340,37
20210501;328;531,62;193,69;423,46;224,5;879,99;481,12;107,22;175,55;583,88;433,09;396,56;341,04
20210601;326,57;531,61;187,59;424,68;224,37;887;486,41;107,58;176,33;584,69;430,72;397,05;341,32
20210701;330,08;532,02;180,13;429,31;223,68;846,49;490,94;107,27;177,07;589,06;428,46;394,05;342,23
20210801;330,62;532,09;184,34;432,95;226,4;840,51;492,88;106,89;176,39;593,3;433,82;395,47;343,99
20210901;328,42;532,66;192,86;439,53;227,3;851,85;489,24;107,14;176,28;595,07;436,67;397,91;345,74
20211001;329,61;532,72;193,3;434,26;227,14;860,77;496,23;107,02;179,3;597,17;437,6;399,56;346,44
20211101;329,08;533,19;196,55;440,45;227,54;856,84;496,61;106,73;179,32;602,97;437,17;400,59;348,03
20211201;330,9;532,94;200,04;458,74;229,02;854,9;497,46;107,06;178,6;605,37;438,46;403,04;352,47
20220101;332,97;533,04;181,05;448,61;233,03;885,32;505,32;106,33;177,17;603,36;438,13;404,03;350,56
20220201;338,16;533,59;185,47;445,99;237,23;896,22;513,4;106,71;179,97;607,35;440,87;407,72;353,56
20220301;346,07;539,23;191,14;456,16;241,08;901,06;529,46;106,27;180,16;616,18;443,9;413,70;359,8
20220401;349,98;540,76;194,25;455,5;243,06;912,8;533,74;106,04;180,23;623,91;451,26;417,41;362,02
20220501;356,85;541,63;198,36;460,77;247,58;914,96;532,57;106,44;182,82;634,54;451,48;420,73;365,82
20220601;363,02;541,25;193;469,3;251,7;919,79;554,08;106,41;183,21;643,48;450,72;425,09;370,95
20220701;374,64;541,67;189,42;468,55;248,61;874,86;551,61;106,53;183,84;641,65;452,61;421,27;371,28
20220801;377,02;541,45;195,64;498,22;253,34;885,62;540,33;106,45;183,21;651,13;456,1;426,23;377,81
20220901;381,23;548,11;204,83;515,48;258,37;897,52;536,49;106,58;184,08;653,33;454,89;430,99;383,21
20221001;386,39;549,35;205,42;498,07;261,24;902,62;553,34;108,03;188,24;656,12;457,3;433,28;384,04
20221101;388,5;549,8;206,99;518,01;262,59;903,15;547,63;106,6;186,94;661,15;461,28;435,69;387,93
